Parametros,1975,1976,1977,1978,1979,1980,1981,1982,1983,1984,1985,1986,1987,1988,1989,1990,1991,1992,1993,1994,1995,1996,1997,1998,1999,2000,2001,2002,2003,2004,2005,2006,2007,2008,2009,2010,2011,2012,2013,2014,2015,2016,2017,2018,2019,2020,2021,2022,2023,2024,2025
Total_Nacimientos,39646,41100,38806,35657,31835,28812,27255,25670,23920,22411,20970,20260,18719,18159,17119,16456,16292,16341,15878,15267,15345,15985,16326,16113,16791,17316,17649,18134,19270,19574,19698,20026,20594,21310,20905,21170,21155,20533,19116,19379,18849,18247,17077,16100,15449,14743,14276,13663,13462,12950,
Nac_Esp_Todaslasedades,,,,,,,,,,,,,,,,,,,,,,,,,,,,,,,,,,,17716,18179,18121,17510,16259,16515,15834,15156,14102,12920,12127,11452,11215,10510,10061,9511,
Nac_Esp_Menosde15anios,,,,,,,,,,,,,,,,,,,,,,,,,,,,,,,,,,,,2,1,4,2,1,2,,1,1,2,2,2,3,1,,
Nac_Esp_15a19anios,,,,,,,,,,,,,,,,,,,,,,,,,,,,,,,,,,,138,146,128,134,133,170,138,140,124,89,107,99,99,100,102,63,
Nac_Esp_20a24anios,,,,,,,,,,,,,,,,,,,,,,,,,,,,,,,,,,,428,426,418,399,344,437,367,411,369,359,376,339,305,335,324,333,
Nac_Esp_25a29anios,,,,,,,,,,,,,,,,,,,,,,,,,,,,,,,,,,,2362,2219,2108,1938,1741,1832,1685,1605,1498,1264,1157,1157,1136,965,950,905,
Nac_Esp_30a34_anios,,,,,,,,,,,,,,,,,,,,,,,,,,,,,,,,,,,8279,8190,7973,7308,6578,6524,6100,5699,5221,4755,4490,4184,4045,3691,3632,3398,
Nac_Esp_35a39anios,,,,,,,,,,,,,,,,,,,,,,,,,,,,,,,,,,,5615,6044,6363,6448,6142,6168,6077,5750,5323,4920,4591,4284,4247,4014,3784,3604,
Nac_Esp_40a44anios,,,,,,,,,,,,,,,,,,,,,,,,,,,,,,,,,,,858,1055,1074,1217,1251,1288,1344,1442,1454,1413,1299,1281,1260,1240,1128,1077,
Nac_Esp_45a49anios,,,,,,,,,,,,,,,,,,,,,,,,,,,,,,,,,,,35,93,48,57,65,90,119,103,107,114,100,98,118,150,133,120,
Nac_Esp_50ymasanios,,,,,,,,,,,,,,,,,,,,,,,,,,,,,,,,,,,1,4,8,5,3,5,2,6,5,5,5,8,3,12,7,11,
Nac_Ext_Todaslasedades,,,,,,,,,,,,,,,,,,,,,,,,,,,,,,,,,,,3189,2991,3034,3023,2857,2864,3015,3091,2975,3180,3322,3291,3061,3153,3401,3439,
Nac_Ext_Menosde15_anios,,,,,,,,,,,,,,,,,,,,,,,,,,,,,,,,,,,3,1,,2,1,1,,2,2,2,,,3,,,1,
Nac_Ext_15a19anios,,,,,,,,,,,,,,,,,,,,,,,,,,,,,,,,,,,131,117,112,112,103,70,77,75,77,83,88,66,54,61,65,74,
Nac_Ext_20a24anios,,,,,,,,,,,,,,,,,,,,,,,,,,,,,,,,,,,689,609,545,497,442,451,407,397,394,447,528,484,399,451,458,467,
Nac_Ext_25a29anios,,,,,,,,,,,,,,,,,,,,,,,,,,,,,,,,,,,959,975,1004,956,848,814,829,818,811,839,854,888,764,794,914,882,
Nac_Ext_30a34_anios,,,,,,,,,,,,,,,,,,,,,,,,,,,,,,,,,,,880,808,841,903,864,894,1008,1004,939,958,978,973,978,950,1008,1052,
Nac_Ext_35a39anios,,,,,,,,,,,,,,,,,,,,,,,,,,,,,,,,,,,435,380,423,446,468,516,560,610,589,681,678,670,676,688,706,717,
Nac_Ext_40a44anios,,,,,,,,,,,,,,,,,,,,,,,,,,,,,,,,,,,84,97,106,101,125,111,128,176,154,161,184,198,174,194,226,232,
Nac_Ext_45a49anios,,,,,,,,,,,,,,,,,,,,,,,,,,,,,,,,,,,8,4,3,6,6,7,6,9,9,8,12,12,11,14,24,13,
Nac_Ext_50ymasanios,,,,,,,,,,,,,,,,,,,,,,,,,,,,,,,,,,,,,,,,,,,,1,,,2,1,,1,
Nac_Tot_Todaslasedades,,,,,,,,,,,,,,,,,,,,,,,,,,,,,,,,,,,20905,21170,21155,20533,19116,19379,18849,18247,17077,16100,15449,14743,14276,13663,13462,12950,
Nac_Tot_Menosde15_anios,,,,,,,,,,,,,,,,,,,,,,,,,,,,,,,,,,,3,3,1,6,3,2,2,2,3,3,2,2,5,3,1,1,
Nac_Tot_15a19anios,,,,,,,,,,,,,,,,,,,,,,,,,,,,,,,,,,,269,263,240,246,236,240,215,215,201,172,195,165,153,161,167,137,
Nac_Tot_20a24anios,,,,,,,,,,,,,,,,,,,,,,,,,,,,,,,,,,,1117,1035,963,896,786,888,774,808,763,806,904,823,704,786,782,800,
Nac_Tot_25a29anios,,,,,,,,,,,,,,,,,,,,,,,,,,,,,,,,,,,3321,3194,3112,2894,2589,2646,2514,2423,2309,2103,2011,2045,1900,1759,1864,1787,
Nac_Tot_30a34_anios,,,,,,,,,,,,,,,,,,,,,,,,,,,,,,,,,,,9159,8998,8814,8211,7442,7418,7108,6703,6160,5713,5468,5157,5023,4641,4640,4450,
Nac_Tot_35a39anios,,,,,,,,,,,,,,,,,,,,,,,,,,,,,,,,,,,6050,6424,6786,6894,6610,6684,6637,6360,5912,5601,5269,4954,4923,4702,4490,4321,
Nac_Tot_40a44anios,,,,,,,,,,,,,,,,,,,,,,,,,,,,,,,,,,,942,1152,1180,1318,1376,1399,1472,1618,1608,1574,1483,1479,1434,1434,1354,1309,
Nac_Tot_45a49anios,,,,,,,,,,,,,,,,,,,,,,,,,,,,,,,,,,,43,97,51,63,71,97,125,112,116,122,112,110,129,164,157,133,
Nac_Tot_50ymasanios,,,,,,,,,,,,,,,,,,,,,,,,,,,,,,,,,,,1,4,8,5,3,5,2,6,5,6,5,8,5,13,7,12,
Nac_Total,,,,,,,,,,,,,,,,,,,,,,,,,,,,,,,,,,,20905,21170,21155,20533,19116,19379,18849,18247,17077,16100,15449,14743,14276,13663,13462,12950,
Nac_Pais_Espania,,,,,,,,,,,,,,,,,,,,,,,,,,,,,,,,,,,17623,17782,17697,17031,15697,15804,15092,14307,13249,12002,11209,10544,10387,9568,9121,8463,
Nac_Pais_Extranjera,,,,,,,,,,,,,,,,,,,,,,,,,,,,,,,,,,,3282,3388,3458,3502,3419,3575,3757,3940,3828,4098,4240,4199,3889,4095,4341,4487,
Nac_Pais_Europa_(sin_Espania),,,,,,,,,,,,,,,,,,,,,,,,,,,,,,,,,,,660,676,713,628,592,662,680,653,647,636,605,591,543,521,486,458,
Nac_Pais_Alemania,,,,,,,,,,,,,,,,,,,,,,,,,,,,,,,,,,,49,29,34,34,31,30,22,26,18,21,17,22,18,14,13,9,
Nac_Pais_Austria,,,,,,,,,,,,,,,,,,,,,,,,,,,,,,,,,,,3,,2,1,1,2,1,2,2,1,1,2,,1,1,2,
Nac_Pais_Bélgica,,,,,,,,,,,,,,,,,,,,,,,,,,,,,,,,,,,6,12,3,3,8,4,5,5,4,4,2,4,7,1,,1,
Nac_Pais_Bulgaria,,,,,,,,,,,,,,,,,,,,,,,,,,,,,,,,,,,10,18,12,10,16,12,14,8,10,5,4,3,7,5,8,5,
Nac_Pais_Dinamarca,,,,,,,,,,,,,,,,,,,,,,,,,,,,,,,,,,,,,2,1,,2,,,1,,1,1,,1,2,,
Nac_Pais_Finlandia,,,,,,,,,,,,,,,,,,,,,,,,,,,,,,,,,,,1,1,,,1,,2,,,2,,2,,,1,,
Nac_Pais_Francia,,,,,,,,,,,,,,,,,,,,,,,,,,,,,,,,,,,65,69,60,66,50,43,48,37,33,37,37,38,37,31,29,34,
Nac_Pais_Irlanda,,,,,,,,,,,,,,,,,,,,,,,,,,,,,,,,,,,2,3,9,1,,4,5,4,2,3,5,,3,1,2,4,
Nac_Pais_Italia,,,,,,,,,,,,,,,,,,,,,,,,,,,,,,,,,,,8,12,11,9,15,15,12,12,10,18,19,16,16,13,19,15,
Nac_Pais_Noruega,,,,,,,,,,,,,,,,,,,,,,,,,,,,,,,,,,,1,1,,,2,,3,1,1,,,,,,,1,
Nac_Pais_Países_Bajos,,,,,,,,,,,,,,,,,,,,,,,,,,,,,,,,,,,5,3,3,9,5,4,5,5,2,1,2,3,3,2,3,3,
Nac_Pais_Polonia,,,,,,,,,,,,,,,,,,,,,,,,,,,,,,,,,,,12,18,18,12,17,10,21,25,17,16,18,22,14,18,9,13,
Nac_Pais_Portugal,,,,,,,,,,,,,,,,,,,,,,,,,,,,,,,,,,,76,55,63,52,41,58,45,50,49,50,42,32,38,25,42,24,
Nac_Pais_Reino_Unido,,,,,,,,,,,,,,,,,,,,,,,,,,,,,,,,,,,27,14,22,13,22,15,11,20,16,16,17,14,16,12,12,13,
Nac_Pais_Rumanía,,,,,,,,,,,,,,,,,,,,,,,,,,,,,,,,,,,280,318,361,291,271,347,344,320,347,295,277,287,256,223,199,182,
Nac_Pais_Rusia,,,,,,,,,,,,,,,,,,,,,,,,,,,,,,,,,,,20,17,23,23,21,25,24,27,27,26,25,18,17,26,24,18,
Nac_Pais_Suecia,,,,,,,,,,,,,,,,,,,,,,,,,,,,,,,,,,,,2,1,4,2,2,1,2,2,5,1,3,2,2,1,1,
Nac_Pais_Suiza,,,,,,,,,,,,,,,,,,,,,,,,,,,,,,,,,,,20,12,11,7,10,6,14,10,5,7,8,5,4,7,2,3,
Nac_Pais_Ucrania,,,,,,,,,,,,,,,,,,,,,,,,,,,,,,,,,,,29,28,22,27,25,33,45,33,38,41,36,52,39,42,52,55,
Nac_Pais_Resto_de_Europa,,,,,,,,,,,,,,,,,,,,,,,,,,,,,,,,,,,46,64,56,65,54,50,58,66,63,88,93,67,66,97,67,75,
Nac_Pais_africa,,,,,,,,,,,,,,,,,,,,,,,,,,,,,,,,,,,894,971,996,1053,1069,1147,1320,1440,1341,1445,1500,1322,1352,1370,1403,1388,
Nac_Pais_Marruecos,,,,,,,,,,,,,,,,,,,,,,,,,,,,,,,,,,,502,540,532,573,585,587,671,767,740,763,849,752,758,759,725,739,
Nac_Pais_Resto_de_Africa,,,,,,,,,,,,,,,,,,,,,,,,,,,,,,,,,,,392,431,464,480,484,560,649,673,601,682,651,570,594,611,678,649,
Nac_Pais_América,,,,,,,,,,,,,,,,,,,,,,,,,,,,,,,,,,,1504,1538,1469,1554,1491,1494,1503,1552,1594,1737,1851,1981,1722,1889,2134,2291,
Nac_Pais_Argentina,,,,,,,,,,,,,,,,,,,,,,,,,,,,,,,,,,,99,77,76,99,90,65,65,60,72,73,52,69,65,57,60,78,
Nac_Pais_Bolivia,,,,,,,,,,,,,,,,,,,,,,,,,,,,,,,,,,,299,270,274,241,249,244,221,240,210,222,199,197,133,177,162,131,
Nac_Pais_Brasil,,,,,,,,,,,,,,,,,,,,,,,,,,,,,,,,,,,157,167,127,141,127,119,109,122,116,126,132,117,106,87,119,100,
Nac_Pais_Cuba,,,,,,,,,,,,,,,,,,,,,,,,,,,,,,,,,,,51,65,51,46,54,57,55,54,39,41,51,44,44,34,48,45,
Nac_Pais_Chile,,,,,,,,,,,,,,,,,,,,,,,,,,,,,,,,,,,21,22,32,27,29,21,20,19,21,17,22,19,15,15,21,15,
Nac_Pais_Colombia,,,,,,,,,,,,,,,,,,,,,,,,,,,,,,,,,,,295,293,283,262,263,249,239,229,250,258,330,352,323,406,504,579,
Nac_Pais_Ecuador,,,,,,,,,,,,,,,,,,,,,,,,,,,,,,,,,,,168,168,173,155,155,159,122,134,124,122,133,123,96,100,121,96,
Nac_Pais_Estados_Unidos_de_América,,,,,,,,,,,,,,,,,,,,,,,,,,,,,,,,,,,15,14,11,12,18,13,23,19,22,18,20,30,18,28,17,22,
Nac_Pais_Perú,,,,,,,,,,,,,,,,,,,,,,,,,,,,,,,,,,,75,87,87,81,83,103,83,77,91,85,84,98,84,91,150,146,
Nac_Pais_Uruguay,,,,,,,,,,,,,,,,,,,,,,,,,,,,,,,,,,,9,14,6,13,17,12,13,7,13,8,10,4,1,7,6,9,
Nac_Pais_Venezuela,,,,,,,,,,,,,,,,,,,,,,,,,,,,,,,,,,,60,57,51,81,49,55,70,60,85,92,135,135,131,130,138,182,
Nac_Pais_Resto_de_América,,,,,,,,,,,,,,,,,,,,,,,,,,,,,,,,,,,255,304,298,396,357,397,483,531,551,675,683,793,706,757,788,888,
Nac_Pais_Asia,,,,,,,,,,,,,,,,,,,,,,,,,,,,,,,,,,,220,200,277,265,265,271,253,293,245,277,284,301,266,313,314,349,
Nac_Pais_China,,,,,,,,,,,,,,,,,,,,,,,,,,,,,,,,,,,149,128,157,135,109,118,93,101,79,80,72,47,40,41,38,49,
Nac_Pais_Pakistan,,,,,,,,,,,,,,,,,,,,,,,,,,,,,,,,,,,27,35,63,69,83,87,96,102,97,120,126,167,128,199,193,214,
Nac_Pais_Resto_de_Asia,,,,,,,,,,,,,,,,,,,,,,,,,,,,,,,,,,,44,37,57,61,73,66,64,90,69,77,86,87,98,73,83,86,
Nac_Pais_Resto_de_países,,,,,,,,,,,,,,,,,,,,,,,,,,,,,,,,,,,4,3,3,2,2,1,1,2,1,3,,4,6,2,4,1,
Total_Defunciones,14699,14615,14523,14235,14180,14254,14628,14157,14853,14809,15465,15481,15142,15626,15572,16370,16731,16540,16770,16766,17507,18035,17539,18153,18400,18243,18087,18627,19306,18679,19417,18507,19251,19433,19614,19363,19832,20281,19720,20166,21511,21224,21634,21763,21566,24252,23086,24203,22328,22397,
Saldo_Vegetativo,24947,26485,24283,21422,17655,14558,12627,11513,9067,7602,5505,4779,3577,2533,1547,86,-439,-199,-892,-1499,-2162,-2050,-1213,-2040,-1609,-927,-438,-493,-36,895,281,1519,1343,1877,1291,1807,1323,252,-604,-787,-2662,-2977,-4557,-5663,-6117,-9509,-8810,-10540,-8866,-9447,
Saldo_Migratorio,,,,,,,,,,,,,,,,,-2611,-4662,-4542,-5370,-4814,-3057,-1738,-2213,-1188,3903,7861,6082,4864,8116,12256,11827,16835,14689,6553,5166,8192,-227,-1956,3602,3362,8871,10725,14724,19468,4512,3588,22171,20928,20870,
Tasa_Natalidad_Total,,,,,,,,,,,,,,,,,,,,,,,,,,,,"8,69","9,19","9,29","9,29","9,38","9,57","9,83","9,60","9,71","9,69","9,42","8,79","8,92","8,68","8,38","7,83","7,35","7,01","6,66","6,46","6,18","6,06","5,79",
Tasa_Natalidad_Esp,,,,,,,,,,,,,,,,,,,,,,,,,,,,"8,45","8,90","8,96","8,92","8,94","8,96","8,98","8,71","8,92","8,88","8,57","7,94","8,04","7,72","7,38","6,88","6,31","5,94","5,63","5,53","5,20","4,99","4,72",
Tasa_Natalidad_Ext,,,,,,,,,,,,,,,,,,,,,,,,,,,,"20,62","19,99","19,20","18,42","18,76","20,26","22,92","22,41","20,83","21,23","22,13","22,40","24,10","25,18","25,07","22,72","22,14","20,66","18,46","16,93","16,52","16,40","15,53",
Tasa_Global_Fec_Total,"80,11","81,99","76,41","69,29","61,00","54,46","51,03","47,93","44,61","41,73","38,95","37,55","34,56","33,29","31,13","29,73","29,25","29,09","28,14","27,02","27,22","28,46","29,20","29,02","30,50","31,75","32,66","33,82","36,16","36,94","37,33","38,17","39,43","41,10","40,78","41,92","42,54","41,99","39,90","41,23","40,71","39,86","37,60","35,58","34,08","32,49","31,82","30,62","30,10","28,91",
Tasa_Global_Fec_Espaniola,..,..,..,..,..,..,..,..,..,..,..,..,..,..,..,..,..,..,..,..,..,..,..,..,..,..,..,"33,19","35,44","36,16","36,51","37,21","37,99","38,80","38,38","40,10","40,68","39,91","37,63","38,69","37,72","36,62","34,60","32,15","30,58","29,26","29,05","27,62","26,72","25,44",
Tasa_Global_Fec_Extranjera,..,..,..,..,..,..,..,..,..,..,..,..,..,..,..,..,..,..,..,..,..,..,..,..,..,..,..,"55,42","55,08","53,21","50,81","51,49","55,83","63,85","62,37","57,86","58,42","60,26","60,75","66,29","69,81","70,27","63,83","62,75","58,60","52,82","48,86","47,99","48,09","46,46",
Indicador_Coy_Fecund_Ambas nacionalidades,"2,78","2,84","2,65","2,39","2,09","1,86","1,73","1,62","1,50","1,39","1,29","1,24","1,14","1,10","1,03","0,98","0,97","0,97","0,94","0,90","0,90","0,94","0,96","0,95","0,99","1,03","1,05","1,09","1,16","1,18","1,18","1,21","1,25","1,30","1,29","1,33","1,35","1,35","1,30","1,37","1,37","1,37","1,32","1,28","1,25","1,21","1,20","1,16","1,15","1,10",
Indicador_Coy_Fecund_Espaniola,..,..,..,..,..,..,..,..,..,..,..,..,..,..,..,..,..,..,..,..,..,..,..,..,..,..,..,"1,07","1,14","1,15","1,16","1,17","1,19","1,21","1,20","1,26","1,28","1,27","1,22","1,29","1,28","1,27","1,23","1,18","1,15","1,13","1,15","1,10","1,08","1,04",
Indicador_Coy_Fecund_Extranjera,..,..,..,..,..,..,..,..,..,..,..,..,..,..,..,..,..,..,..,..,..,..,..,..,..,..,..,"1,64","1,60","1,53","1,47","1,48","1,60","1,88","1,80","1,67","1,70","1,78","1,82","1,97","2,07","2,11","1,94","1,91","1,81","1,62","1,50","1,50","1,50","1,45",
Prim_Hijo_Total,"25,66","25,36","25,33","25,34","25,48","25,80","25,93","26,28","26,38","26,67","26,86",..,"27,27","27,47","27,87","28,17","28,71","28,97","29,36","29,64","29,98","30,18","30,34","30,66","30,82","30,93","31,08","31,01","31,17","31,13","31,07","31,00","30,94","30,90","31,07","31,21","31,43","31,45","31,61","31,61","31,73","31,81","31,92","31,94","31,86","32,06","32,35","32,43","32,40","32,46",
Prim_Hijo_Esp,..,..,..,..,..,..,..,..,..,..,..,..,..,..,..,..,..,..,..,..,..,..,..,..,..,..,..,"31,26","31,45","31,50","31,55","31,61","31,68","31,81","31,94","32,02","32,15","32,23","32,35","32,23","32,39","32,47","32,64","32,79","32,76","32,95","33,09","33,36","33,34","33,52",
Prim_Hijo_Ext,..,..,..,..,..,..,..,..,..,..,..,..,..,..,..,..,..,..,..,..,..,..,..,..,..,..,..,"25,86","26,54","26,70","26,25","26,18","26,04","26,17","26,59","26,54","26,84","26,56","26,81","27,30","27,35","27,49","27,29","27,22","27,31","27,62","27,90","27,47","27,95","27,72",
Pob_Total_Total,1989739,2018991,2049266,2076762,2100970,2121524,2139360,2145860,2148550,2148648,2147171,2143503,2138880,2132852,2125498,2116888,2106405,2103318,2102202,2100382,2097947,2094857,2091894,2089757,2086864,2084535,2082971,2082911,2092640,2103103,2115262,2127670,2142601,2159427,2174080,2179532,2183134,2184696,2179274,2172247,2172707,2174426,2179944,2187254,2197306,2211917,2212628,2205826,2216302,2227684,2242343
Pob_Total_0anios,39530,38864,39940,37600,34597,31435,28835,27370,25295,23534,22078,20688,19840,18350,17725,16719,15893,16048,16224,15784,15181,15273,15908,16232,16089,16830,17335,17873,18165,19313,19635,19812,20134,20679,21453,21061,21271,21383,20388,19003,19283,18795,18204,17085,16089,15470,14819,14285,13688,13489,13027
Pob_Total_1anio,39034,39163,38617,39359,36932,34060,31382,28680,27142,25105,23341,21935,20550,19568,18113,17422,16407,15826,16025,16182,15757,15153,15252,15898,16199,16140,16927,17396,18055,18390,19562,19900,20095,20400,20912,21685,21309,21423,21293,20426,19091,19374,18893,18363,17210,16248,15585,14917,14532,13929,13704
Pob_Total_2anios,39294,38790,38900,38447,38854,36336,33590,31213,28487,26948,24946,23181,21812,20447,19326,17900,17129,16376,15857,16019,16153,15740,15137,15249,15893,16180,16203,17038,17611,18236,18537,19758,20132,20282,20584,21087,21915,21522,21320,21195,20519,19188,19493,19053,18550,17401,16344,15507,15015,14723,14186
Pob_Total_3anio,38777,39128,38552,38640,38286,38364,35760,33374,31021,28302,26758,24796,23028,21693,20353,19086,17686,17106,16401,15889,16013,16128,15724,15122,15247,15895,16159,16275,17200,17796,18339,18641,19899,20295,20435,20725,21218,22100,21406,21296,21218,20528,19263,19589,19209,18712,17449,16395,15717,15224,14873
Pob_Total_4_anios,37045,38613,38957,38316,38396,38128,37882,35493,33221,30834,28122,26578,24648,22876,21571,20258,18851,17666,17136,16432,15921,16006,16103,15708,15110,15247,15895,16165,16423,17347,17934,18434,18797,20069,20429,20581,20893,21325,22026,21311,21427,21262,20667,19398,19750,19443,18790,17475,16613,15941,15440
Pob_Total_5_anios,36674,37084,38460,38791,38090,38155,37977,37647,35298,33074,30649,27942,26398,24502,22719,21450,20161,18839,17686,17165,16459,15952,16003,16080,15695,15096,15247,15910,16327,16551,17495,18075,18594,18944,20127,20530,20699,21018,21312,22023,21351,21516,21372,20795,19532,20017,19538,18850,17727,16816,16201
Pob_Total_6_anios,36863,36711,37123,38310,38626,37857,37854,37793,37470,35101,32927,30457,27768,26217,24358,22566,21331,20156,18873,17710,17193,16487,15987,15999,16057,15682,15082,15274,16022,16482,16693,17673,18253,18735,19040,20207,20602,20760,20924,21261,22047,21375,21626,21496,20921,19767,20131,19595,19128,17951,17055
Pob_Total_7_anios,37776,36877,36754,37163,38164,38462,37623,37656,37608,37296,34902,32781,30266,27592,26037,24211,22414,21304,20161,18906,17732,17227,16515,16021,15997,16032,15666,15093,15419,16124,16599,16859,17905,18460,18804,19150,20299,20664,20714,20905,21319,22054,21439,21773,21570,21148,19836,20219,19885,19354,18206
Pob_Total_8_anios,37643,37731,36889,36799,37211,38018,38304,37433,37465,37430,37121,34703,32636,30085,27417,25859,24065,22400,21296,20176,18939,17753,17257,16547,16053,15993,16007,15666,15226,15558,16279,16754,17031,18061,18591,18878,19245,20378,20663,20705,20950,21331,22108,21499,21910,21809,21233,19892,20512,20100,19624
Pob_Total_9_anios,38358,37726,37693,36896,36837,37264,37875,38151,37248,37270,37254,36940,34505,32494,29897,27243,25684,24056,22417,21285,20189,18972,17776,17291,16573,16087,15990,16012,15796,15363,15696,16450,16967,17196,18168,18667,18891,19271,20356,20652,20726,21000,21381,22202,21565,22086,21870,21320,20226,20762,20331
Pob_Total_10_anios,39037,38398,37817,37660,36909,36880,37312,37727,37997,37062,37079,37075,36771,34305,32346,29716,27067,25703,24072,22433,21277,20199,19003,17799,17322,16606,16118,16005,16145,15957,15505,15859,16685,17202,17315,18297,18748,18928,19275,20357,20693,20739,21091,21483,22245,21715,22152,21882,21637,20441,21027
Pob_Total_11_anios,37363,39092,38445,37907,37625,36913,36923,37173,37590,37843,36882,36882,36897,36599,34110,32204,29533,27078,25766,24090,22452,21271,20211,19039,17823,17354,16636,16159,16142,16264,16071,15685,16034,16871,17391,17375,18390,18789,18885,19295,20432,20759,20833,21186,21517,22388,21796,22142,22192,21871,20730
Pob_Total_12_anios,36481,37502,39137,38485,37999,37589,36926,36800,36991,37450,37689,36705,36690,36718,36426,33913,32061,29530,27134,25830,24107,22468,21260,20225,19075,17846,17386,16693,16278,16313,16416,16252,15898,16245,16989,17500,17466,18447,18762,18913,19365,20491,20864,20940,21271,21664,22428,21819,22452,22394,22133
Pob_Total_13_anios,35153,36532,37641,39186,38526,38092,37556,36785,36648,36811,37312,37535,36525,36501,36538,36259,33713,32072,29558,27188,25894,24125,22483,21251,20238,19110,17870,17435,16845,16451,16445,16601,16433,16084,16411,17110,17586,17566,18489,18804,18989,19453,20589,21025,21059,21461,21682,22494,22119,22714,22726
Pob_Total_14_anios,35447,35262,36587,37782,39237,38564,38188,37389,36617,36500,36628,37172,37380,36346,36308,36356,36085,33719,32121,29591,27243,25956,24141,22497,21244,20248,19143,17913,17593,16998,16602,16615,16781,16648,16236,16526,17119,17634,17559,18447,18871,19085,19569,20751,21186,21263,21488,21767,22826,22347,23009
Pob_Total_15_anios,34864,35416,35369,36642,37917,39276,38598,38012,37196,36438,36349,36448,37031,37219,36162,36114,36168,36036,33771,32172,29626,27293,26020,24155,22512,21235,20263,19208,18094,17797,17185,16780,16800,16995,16836,16378,16646,17191,17697,17560,18491,19000,19231,19766,20925,21355,21354,21560,22121,23139,22675
Pob_Total_16_anios,34365,34923,35390,35480,36691,38056,39321,38414,37783,37008,36268,36190,36258,36887,37063,35971,35915,36098,36020,33814,32221,29651,27342,26078,24169,22529,21227,20320,19429,18303,18031,17397,17006,17143,17277,16984,16498,16711,17338,17722,17639,18608,19174,19457,20026,21206,21509,21489,21943,22487,23472
Pob_Total_17_anios,33360,34468,34978,35363,35586,36740,38188,39121,38183,37550,36808,36094,36027,36074,36734,36898,35774,35856,36058,36004,33862,32263,29682,27388,26138,24182,22530,21251,20559,19700,18590,18332,17781,17350,17509,17567,17179,16671,16851,17443,17881,17787,18846,19430,19844,20429,21406,21700,21985,22478,23062
Pob_Total_18_anios,31565,33513,34573,35032,35328,35687,36787,37969,38867,37941,37325,36611,35905,35864,35896,36580,36732,35674,35824,36016,35989,33909,32305,29709,27432,26195,24190,22581,21516,20811,19977,18922,18702,18191,17724,17734,17778,17365,16844,16918,17628,18090,18017,19180,19842,20305,20647,21709,22334,22576,23151
Pob_Total_19_anios,30631,31777,33673,34661,35084,35300,35794,36575,37673,38603,37686,37092,36419,35716,35694,35702,36423,36583,35599,35781,35971,35958,33953,32356,29737,27480,26250,24249,22873,21837,21164,20376,19394,19248,18554,17881,17775,17830,17397,16835,17044,17824,18341,18328,19601,20376,20545,20970,22408,22932,23237
Pob_Total_20_anios,29387,30815,31987,33825,34753,35141,35268,35611,36300,37373,38333,37441,36849,36217,35533,35517,35498,36277,36437,35516,35745,35928,35935,33989,32397,29760,27530,26365,24631,23298,22275,21620,20877,19963,19657,18728,18067,17846,17770,17405,16930,17209,18068,18712,18733,20187,20674,20818,21602,23031,23569
Pob_Total_21_anios,29540,29605,31006,32196,33973,34854,35201,35159,35387,36038,37066,38068,37193,36614,36020,35336,35343,35320,36131,36304,35432,35709,35876,35905,34027,32437,29779,27636,26791,25123,23826,22740,22221,21506,20461,19856,18870,18086,17887,17728,17530,17162,17493,18499,19240,19339,20417,20820,21421,22177,23751
Pob_Total_22_anios,29652,29843,29824,31186,32408,34118,34936,35121,35037,35149,35766,36755,37801,36945,36370,35822,35146,35198,35157,35995,36165,35357,35670,35829,35872,34061,32475,29839,28135,27260,25598,24377,23345,22872,22056,20721,20044,18959,18147,17860,17898,17778,17498,17923,19065,19873,19686,20672,21606,22144,23035
Pob_Total_23_anios,28082,29929,30140,30036,31374,32610,34262,34783,35011,34918,34911,35496,36442,37526,36687,36118,35593,34992,35060,34996,35865,36022,35271,35631,35778,35840,34097,32551,30335,28635,27761,26068,25002,23973,23412,22329,20900,20175,19000,18210,17990,18203,18142,17965,18537,19823,20249,19946,21423,22394,23000
Pob_Total_24_anios,28846,28383,30190,30440,30247,31563,32812,34174,34589,34899,34781,34674,35224,36120,37253,36430,35874,35445,34848,34922,34850,35731,35886,35195,35593,35733,35814,34171,32997,30860,29198,28276,26631,25694,24491,23608,22463,21017,20211,19018,18415,18229,18580,18598,18597,19380,20215,20562,20633,22171,23426
Pob_Total_25_anios,29889,29118,28677,30468,30725,30458,31736,32728,34038,34390,34795,34660,34436,34945,35805,36978,36166,35711,35300,34705,34788,34689,35596,35745,35113,35561,35691,35773,34595,33461,31301,29743,28886,27242,26219,24671,23671,22506,20967,20235,19153,18630,18605,19116,19333,19318,19830,20452,21262,21389,23082
Pob_Total_26_anios,30852,30171,29398,28980,30738,31020,30665,31638,32587,33901,34197,34678,34541,34182,34660,35488,36695,36005,35576,35166,34559,34643,34541,35463,35606,35037,35511,35686,36209,34988,33945,31793,30159,29538,27684,26321,24750,23683,22391,20889,20306,19338,18953,19075,19743,20104,19755,20041,21227,21979,22290
Pob_Total_27_anios,29474,31178,30460,29688,29276,31007,31310,30591,31483,32436,33764,34000,34566,34416,33941,34381,35162,36561,35865,35440,35023,34398,34498,34390,35334,35461,34963,35477,35963,36533,35328,34340,32246,30715,29991,27862,26251,24674,23485,22260,21024,20515,19681,19352,19737,20502,20474,19963,20657,21951,22717
Pob_Total_28_anios,29172,29668,31507,30742,29975,29568,31276,31226,30441,31332,32295,33614,33803,34454,34287,33687,34097,35043,36444,35730,35298,34868,34247,34361,34226,35195,35313,34879,35809,36195,36785,35683,34747,32669,31177,30027,27892,26237,24563,23332,22275,21070,20797,20145,19956,20449,20913,20620,20626,21340,22772
Pob_Total_29_anios,30864,29315,29870,31820,31018,30261,29874,31174,31059,30294,31182,32148,33469,33608,34332,34158,33438,33992,34952,36334,35578,35164,34725,34103,34228,34063,35063,35154,35123,36039,36456,37064,35932,35126,32949,31172,29842,27869,26033,24267,23315,22404,21306,21186,20603,20637,20792,21024,21269,21272,22066
Pob_Total_30_anios,29309,30972,29451,30068,32139,31304,30550,29774,31007,30891,30152,31023,31998,33329,33404,34213,34019,33358,33917,34868,36223,35433,35017,34596,33968,34102,33910,34942,35341,35321,36283,36752,37346,36276,35452,32889,31218,29749,27635,25774,24219,23392,22624,21673,21760,21248,21095,20851,21655,21771,22045
Pob_Total_31_anios,28448,29399,31089,29586,30260,32466,31578,30439,29587,30836,30726,30003,30864,31850,33171,33184,34083,33946,33330,33846,34777,36099,35275,34878,34468,33815,33966,33764,35168,35523,35516,36460,37066,37706,36618,35520,32916,31012,29495,27316,25723,24304,23577,22909,22108,22332,21612,21117,21366,22360,22417
Pob_Total_32_anios,25243,28528,29487,31207,29719,30457,32789,31458,30261,29394,30670,30555,29848,30707,31711,33027,32968,34035,33880,33286,33780,34670,35965,35139,34731,34346,33672,33811,33997,35404,35707,35767,36683,37339,37886,36573,35501,32772,30718,29139,27284,25777,24506,23877,23306,22709,22722,21633,21667,21798,22969
Pob_Total_33_anios,23982,25230,28614,29572,31326,29857,30652,32654,31269,30078,29207,30497,30394,29699,30541,31563,32865,32909,34013,33813,33260,33695,34566,35857,35007,34610,34212,33555,34017,34206,35556,35891,36051,36954,37559,37813,36462,35247,32451,30375,29106,27323,25953,24829,24284,23897,22979,22681,22202,22252,22433
Pob_Total_34_anios,27499,24004,25208,28696,29657,31446,29993,30519,32433,31074,29887,29022,30316,30216,29555,30383,31412,32814,32885,33989,33753,33210,33616,34492,35766,34873,34491,34114,33731,34115,34454,35780,36141,36373,37213,37495,37749,36224,34898,32214,30285,29090,27515,26182,25272,24863,24218,22985,23170,22634,22767
Pob_Total_35_anios,20583,27429,24029,25192,28776,29748,31570,29850,30320,32210,30872,29699,28834,30135,30051,29399,30221,31367,32778,32849,33957,33689,33146,33559,34425,35668,34738,34364,34246,33863,34290,34608,35969,36410,36524,37174,37388,37615,36049,34624,32191,30341,29244,27760,26531,25774,25081,24207,23409,23658,23089
Pob_Total_36_anios,22419,20565,27366,24051,25167,28857,29824,31439,29658,30131,31984,30667,29510,28649,29964,29876,29240,30185,31320,32741,32819,33923,33632,33124,33509,34365,35566,34631,34498,34389,34030,34463,34822,36172,36653,36414,37090,37226,37373,35732,34563,32234,30598,29478,28179,26981,26036,25035,24568,23791,24177
Pob_Total_37_anios,24886,22367,20538,27307,24065,25140,28933,29677,31239,29458,29935,31769,30461,29313,28459,29774,29688,29197,30172,31299,32701,32787,33891,33581,33091,33464,34296,35450,34742,34626,34618,34207,34610,35054,36387,36593,36381,37019,36934,37041,35717,34637,32378,30849,29859,28628,27208,26021,25577,25000,24284
Pob_Total_38_anios,29415,24872,22332,20513,27239,24080,25112,28802,29484,31025,29271,29723,31543,30256,29112,28269,29588,29624,29176,30152,31254,32653,32760,33855,33541,33074,33410,34231,35556,34838,34818,34818,34361,34913,35298,36265,36516,36146,36799,36621,36962,35767,34794,32515,31230,30236,28897,27243,26353,25934,25435
Pob_Total_39_anios,27922,29376,24844,22295,20482,27172,24090,24965,28622,29292,30822,29073,29515,31308,30044,28908,28070,29528,29593,29147,30137,31224,32599,32732,33834,33488,33049,33365,34344,35644,34964,34920,34980,34653,35097,35252,36204,36486,35927,36589,36622,37022,35807,34959,32806,31666,30507,28841,27624,26741,26265
Pob_Total_40_anios,28450,27925,29343,24820,22242,20440,27094,23967,24790,28437,29093,30627,28871,29304,31068,29824,28707,28000,29479,29555,29118,30100,31184,32554,32710,33811,33435,33040,33425,34459,35764,35110,35081,35180,34781,35087,35192,36047,36285,35675,36476,36639,37133,35976,35173,33156,31817,30516,29182,27970,27117
Pob_Total_41_anios,29848,28463,27920,29288,24798,22198,20403,26926,23823,24627,28250,28887,30427,28661,29094,30833,29614,28635,27958,29441,29503,29071,30073,31155,32509,32693,33788,33411,33073,33489,34551,35903,35221,35145,35311,34788,35010,35132,35887,36119,35583,36513,36759,37248,36203,35526,33289,31734,30771,29426,28250
Pob_Total_42_anios,29728,29801,28459,27908,29223,24781,22144,20265,26736,23668,24448,28059,28684,30220,28449,28870,30586,29542,28587,27909,29400,29452,29037,30040,31114,32457,32669,33792,33468,33111,33603,34605,36034,35333,35249,35337,34755,34991,34886,35638,36064,35634,36598,36892,37419,36497,35653,33232,32026,31018,29774
Pob_Total_43_anios,28345,29656,29748,28437,27879,29153,24740,22002,20140,26547,23514,24271,27866,28470,30020,28233,28630,30502,29503,28538,27853,29351,29400,28993,30023,31080,32411,32667,33826,33530,33213,33688,34637,36127,35414,35250,35266,34636,34751,34697,35589,36051,35682,36671,37047,37677,36618,35532,33402,32210,31339
Pob_Total_44_anios,29180,28328,29586,29691,28415,27863,29079,24592,21847,19985,26360,23354,24076,27671,28249,29798,28017,28543,30451,29463,28473,27796,29301,29339,28962,29998,31034,32391,32734,33845,33581,33273,33809,34718,36245,35417,35184,35184,34392,34582,34661,35564,36077,35798,36813,37261,37809,36495,35746,33592,32478
Pob_Total_45_anios,26354,29041,28323,29500,29619,28406,27829,28887,24417,21690,19822,26187,23182,23890,27478,28032,29568,27929,28478,30395,29415,28404,27746,29258,29275,28901,29965,30994,32393,32750,33924,33653,33358,33910,34782,36205,35304,35005,34972,34170,34534,34649,35554,36067,35942,36996,37375,37723,36600,35784,33782
Pob_Total_46_anios,27504,26396,28903,28302,29414,29532,28398,27665,28668,24230,21533,19672,25992,23016,23679,27262,27812,29445,27880,28402,30326,29359,28349,27689,29201,29217,28849,29956,31035,32422,32808,33994,33734,33450,33943,34736,36111,35192,34765,34719,34213,34494,34687,35652,36130,36142,37064,37292,37886,36759,35996
Pob_Total_47_anios,25820,27440,26413,28769,28277,29310,29482,28231,27469,28451,24053,21361,19523,25790,22840,23492,27050,27704,29335,27828,28337,30260,29310,28268,27633,29133,29158,28801,29963,31028,32438,32829,34001,33808,33457,33825,34607,35961,35016,34588,34655,34180,34496,34771,35738,36328,36209,36937,37401,37979,36957
Pob_Total_48_anios,25679,25701,27372,26426,28610,28238,29233,29277,28012,27259,28210,23875,21177,19373,25568,22647,23290,26933,27626,29226,27756,28265,30185,29236,28203,27564,29063,29111,28826,29958,30990,32432,32854,34060,33851,33377,33783,34497,35775,34810,34469,34638,34203,34465,34847,35915,36368,36109,37124,37501,38094
Pob_Total_49_anios,24392,25612,25572,27308,26425,28433,28215,29033,29032,27792,27032,27974,23687,21006,19222,25336,22465,23154,26820,27549,29108,27681,28176,30085,29154,28116,27477,29012,29049,28824,29971,30992,32396,32878,34073,33769,33241,33653,34375,35583,34675,34411,34628,34180,34508,35005,35918,36252,36192,37213,37544
Pob_Total_50_anios,24108,24282,25484,25446,27197,26420,28251,28017,28818,28777,27556,26811,27707,23489,20829,19063,25123,22337,23051,26711,27437,28957,27601,28070,30008,29077,28032,27407,28960,28991,28791,29953,30969,32425,32846,34017,33656,33132,33455,34220,35487,34631,34395,34626,34193,34631,34971,35830,36322,36294,37294
Pob_Total_51_anios,22967,23940,24178,25382,25314,27068,26400,28005,27786,28591,28510,27325,26590,27436,23263,20640,18904,24951,22218,22959,26596,27335,28830,27531,27959,29915,28984,27955,27369,28922,28919,28792,29880,30936,32425,32756,33903,33527,32948,33261,34121,35395,34631,34376,34654,34224,34624,34878,35885,36391,36350
Pob_Total_52_anios,21777,22801,23766,24075,25270,25153,26982,26182,27744,27529,28365,28243,27070,26360,27181,23067,20450,18776,24773,22088,22854,26475,27241,28709,27452,27873,29827,28909,27881,27314,28836,28855,28732,29880,30872,32313,32568,33700,33307,32795,33145,34007,35356,34607,34436,34686,34210,34480,34903,35919,36437
Pob_Total_53_anios,20983,21644,22630,23592,23944,25150,25009,26707,25938,27479,27261,28124,27950,26805,26115,26924,22835,20309,18659,24641,21944,22742,26336,27154,28581,27360,27747,29717,28789,27794,27222,28749,28818,28666,29818,30773,32208,32475,33533,33108,32681,33051,33919,35298,34595,34415,34647,34074,34525,34875,35983
Pob_Total_54_anios,20227,20814,21506,22444,23429,23821,25052,24764,26433,25671,27218,26977,27858,27638,26552,25869,26661,22651,20190,18524,24476,21816,22606,26219,27034,28425,27260,27624,29603,28687,27692,27118,28678,28742,28598,29652,30632,32008,32251,33297,32922,32586,32975,33825,35251,34605,34384,34531,34043,34506,34902
Pob_Total_55_anios,16573,20062,20614,21355,22278,23239,23673,24790,24509,26144,25403,26922,26683,27598,27353,26291,25609,26411,22475,20053,18399,24292,21683,22472,26072,26905,28250,27136,27495,29498,28555,27555,27027,28590,28595,28509,29519,30476,31846,32034,33130,32825,32491,32897,33765,35193,34530,34256,34524,34039,34530
Pob_Total_56_anios,16984,16441,19865,20440,21210,22087,23014,23438,24522,24238,25825,25127,26613,26416,27312,27008,26031,25388,26190,22295,19906,18256,24095,21560,22328,25914,26755,28067,27014,27341,29359,28433,27393,26880,28460,28437,28352,29343,30301,31581,31883,32990,32753,32385,32843,33750,35154,34429,34241,34493,34039
Pob_Total_57_anios,16281,16804,16323,19655,20254,21066,21896,22766,23202,24225,23938,25506,24822,26307,26107,27030,26704,25790,25151,25936,22118,19760,18116,23905,21384,22180,25746,26615,27890,26890,27207,29194,28294,27267,26744,28287,28269,28141,29144,30085,31428,31765,32852,32645,32302,32774,33654,34970,34376,34190,34469
Pob_Total_58_anios,15357,16115,16612,16183,19450,20060,20923,21651,22469,22905,23918,23646,25168,24532,25997,25797,26730,26441,25546,24895,25673,21913,19595,17955,23727,21216,22041,25563,26448,27662,26720,27043,29007,28104,27139,26599,28118,28111,27964,28925,29965,31271,31610,32730,32531,32251,32685,33527,34908,34305,34110
Pob_Total_59_anios,15629,15221,15922,16402,16049,19230,19859,20654,21381,22166,22623,23604,23333,24827,24203,25664,25484,26451,26165,25302,24623,25408,21709,19431,17789,23528,21043,21858,25348,26237,27458,26561,26839,28851,27967,26983,26391,27923,27932,27748,28747,29827,31138,31474,32576,32456,32088,32455,33427,34801,34222
Pob_Total_60_anios,15763,15427,15081,15752,16168,15914,18974,19571,20379,21082,21833,22325,23286,23052,24499,23870,25330,25186,26186,25895,25046,24390,25108,21509,19273,17629,23303,20851,21642,25118,26007,27175,26351,26624,28639,27730,26785,26200,27700,27681,27504,28558,29663,31028,31400,32446,32295,31905,32334,33328,34724
Pob_Total_61_anios,15418,15534,15221,14941,15575,15928,15780,18683,19260,20092,20777,21519,21992,22959,22721,24146,23550,25047,24903,25903,25614,24800,24116,24834,21285,19095,17464,23043,20633,21433,24868,25713,26896,26110,26407,28390,27469,26578,25945,27477,27517,27305,28358,29500,30878,31239,32227,32046,31762,32232,33250
Pob_Total_62_anios,14800,15218,15305,15021,14799,15360,15706,15550,18402,18987,19783,20451,21190,21678,22631,22417,23763,23275,24733,24596,25585,25323,24524,23850,24548,21063,18883,17280,22773,20438,21192,24656,25461,26677,25887,26174,28122,27273,26376,25691,27238,27330,27122,28188,29332,30688,30990,32008,31828,31555,32082
Pob_Total_63_anios,14389,14585,14965,15066,14800,14635,15144,15450,15328,18123,18681,19468,20083,20863,21371,22265,22094,23412,22985,24418,24280,25273,25002,24228,23552,24250,20796,18670,17056,22517,20227,20976,24404,25199,26442,25654,25915,27896,27012,26152,25469,27040,27131,26966,28035,29141,30467,30739,31803,31710,31397
Pob_Total_64_anios,14550,14159,14366,14711,14838,14595,14470,14912,15186,15106,17789,18347,19140,19720,20531,21037,21892,21765,23146,22699,24100,23987,24930,24688,23927,23245,23910,20534,18451,16856,22254,20022,20741,24164,24997,26201,25420,25669,27635,26776,25901,25273,26858,26963,26742,27874,28894,30171,30470,31589,31546
Pob_Total_65_anios,13359,14243,13923,14131,14419,14556,14337,14207,14667,14926,14830,17460,18026,18800,19346,20172,20680,21593,21468,22867,22395,23751,23641,24606,24314,23647,22949,23593,20243,18205,16656,22014,19766,20492,23937,24706,25888,25189,25390,27338,26570,25672,25058,26631,26729,26537,27591,28565,29876,30238,31356
Pob_Total_66_anios,13163,13147,13946,13649,13900,14141,14303,14087,13961,14395,14647,14578,17110,17703,18432,18978,19804,20394,21296,21172,22550,22080,23396,23296,24260,23960,23329,22611,23246,19994,17958,16450,21735,19504,20298,23655,24419,25615,24962,25138,27058,26344,25417,24811,26414,26492,26239,27291,28276,29682,30056
Pob_Total_67_anios,12321,12888,12889,13585,13385,13669,13885,14023,13823,13690,14141,14350,14270,16742,17337,18090,18588,19467,20085,20956,20866,22200,21719,23042,22938,23876,23623,23002,22289,22893,19748,17757,16231,21486,19288,20055,23410,24180,25334,24693,24829,26757,26073,25138,24594,26156,26171,25956,26992,28081,29448
Pob_Total_68_anios,12138,12000,12593,12621,13232,13098,13400,13631,13753,13519,13389,13843,14030,13955,16356,16965,17698,18245,19174,19742,20604,20538,21815,21359,22687,22569,23482,23265,22659,21931,22621,19501,17529,16029,21207,19047,19818,23144,23905,25066,24440,24510,26483,25817,24830,24379,25846,25861,25671,26730,27840
Pob_Total_69_anios,11714,11856,11691,12284,12342,12881,12819,13118,13360,13471,13205,13062,13541,13701,13662,15979,16583,17360,17925,18823,19436,20252,20174,21451,20979,22299,22183,23057,22897,22305,21609,22296,19264,17314,15832,20919,18844,19586,22891,23599,24789,24164,24199,26210,25540,24573,24117,25494,25570,25429,26495
Pob_Total_70_anios,10823,11337,11508,11330,11990,12090,12539,12497,12816,13056,13160,12898,12733,13208,13349,13349,15575,16208,17046,17594,18447,19056,19833,19777,21022,20606,21871,21735,22630,22539,21987,21278,21978,18998,17089,15620,20648,18611,19341,22604,23334,24451,23848,23965,25918,25257,24226,23762,25188,25268,25184
Pob_Total_71_anios,10185,10461,10955,11148,10973,11655,11826,12211,12181,12473,12743,12822,12567,12420,12875,13007,13023,15189,15849,16677,17218,18078,18618,19448,19361,20637,20186,21391,21330,22225,22145,21646,20951,21623,18732,16837,15375,20379,18379,19059,22293,22991,24116,23539,23657,25629,24898,23874,23439,24868,24990
Pob_Total_72_anios,9407,9846,10056,10525,10804,10613,11320,11502,11851,11822,12135,12413,12467,12227,12103,12562,12634,12702,14819,15458,16340,16830,17675,18186,18980,18952,20163,19769,20946,20910,21813,21718,21257,20561,21227,18447,16538,15180,20088,18093,18766,22014,22668,23797,23229,23336,25244,24496,23500,23117,24648
Pob_Total_73_anios,8202,9019,9477,9666,10113,10488,10229,10912,11150,11496,11444,11744,12030,12117,11888,11747,12162,12266,12390,14454,15075,15953,16395,17245,17726,18503,18506,19663,19354,20491,20507,21369,21313,20873,20183,20838,18125,16247,14914,19756,17795,18501,21689,22355,23478,22905,22962,24806,24143,23218,22820
Pob_Total_74_anios,9170,7856,8625,9120,9285,9723,10129,9880,10513,10728,11112,11041,11354,11682,11735,11491,11364,11838,11929,12064,14023,14656,15533,15932,16755,17253,18020,18015,19187,18850,20032,20006,20912,20874,20473,19770,20416,17798,15958,14670,19387,17519,18205,21338,22020,23088,22499,22566,24355,23743,22927
Pob_Total_75_anios,6196,8639,7526,8244,8760,8873,9263,9737,9505,10114,10351,10702,10630,10939,11266,11339,11105,10971,11459,11587,11740,13556,14205,15085,15468,16247,16746,17551,17536,18687,18378,19514,19559,20437,20380,20023,19394,20030,17443,15645,14407,19017,17184,17885,20916,21585,22591,22123,22149,23941,23326
Pob_Total_76_anios,6708,5868,8124,7194,7847,8385,8450,8844,9324,9108,9671,9914,10333,10181,10525,10845,10930,10693,10615,11011,11232,11332,13105,13718,14595,14982,15737,16205,17057,17044,18196,17910,19028,19071,19961,19890,19555,18983,19554,17053,15285,14108,18636,16849,17525,20521,21097,22088,21611,21716,23473
Pob_Total_77_anios,5392,6238,5557,7666,6881,7410,7966,8045,8425,8852,8701,9195,9442,9933,9741,10097,10397,10485,10266,10236,10603,10814,10930,12627,13203,14082,14484,15194,15726,16471,16540,17649,17406,18506,18552,19443,19347,19013,18494,19100,16614,14933,13811,18236,16488,17137,19991,20633,21548,21151,21267
Pob_Total_78_anios,5617,5033,5819,5218,7158,6553,6983,7541,7635,7965,8402,8243,8762,8978,9421,9298,9581,9941,10019,9800,9833,10173,10373,10503,12114,12632,13536,13947,14605,15156,15913,15957,17077,16835,17887,17966,18864,18792,18439,17997,18543,16159,14524,13452,17812,16117,16675,19461,20088,21053,20709
Pob_Total_79_anios,4896,5172,4677,5419,4930,6683,6216,6533,7070,7197,7518,7899,7801,8276,8528,8995,8793,9133,9470,9576,9370,9356,9722,9935,10033,11546,12044,13006,13400,14066,14551,15244,15340,16465,16248,17302,17425,18280,18183,17897,17468,18000,15716,14109,13061,17338,15615,16130,18910,19519,20528
Pob_Total_80_anios,4192,4461,4764,4316,5008,4620,6224,5780,6077,6571,6760,7030,7361,7342,7764,8064,8450,8296,8644,8962,9089,8898,8901,9271,9434,9476,10958,11504,12439,12828,13467,13942,14583,14724,15819,15623,16656,16780,17678,17533,17327,16878,17412,15212,13649,12670,16684,15129,15584,18354,18957
Pob_Total_81_anios,3581,3798,4045,4358,3954,4627,4299,5738,5325,5648,6104,6269,6526,6876,6845,7252,7535,7909,7774,8076,8461,8562,8392,8431,8763,8886,8975,10341,10957,11805,12199,12743,13250,13902,14086,15129,14973,15934,16141,17026,16882,16657,16234,16760,14665,13179,12155,15970,14580,15042,17709
Pob_Total_82_anios,3080,3217,3447,3654,3961,3622,4210,3938,5230,4886,5200,5590,5795,6046,6337,6372,6706,7041,7361,7247,7525,7932,8023,7864,7890,8182,8332,8454,9762,10333,11163,11566,12129,12585,13201,13337,14386,14266,15192,15424,16293,16122,15983,15545,16043,14054,12594,11635,15302,13981,14450
Pob_Total_83_anios,2391,2746,2847,3103,3319,3594,3308,3800,3582,4742,4457,4747,5155,5337,5541,5819,5852,6196,6512,6853,6718,7019,7362,7464,7300,7356,7616,7797,7906,9136,9670,10422,10918,11433,11866,12490,12601,13624,13548,14454,14664,15460,15364,15262,14829,15307,13365,12018,11019,14605,13377
Pob_Total_84_anios,2507,2079,2400,2505,2772,2968,3198,2928,3414,3208,4278,4011,4316,4685,4861,5047,5300,5338,5674,5973,6337,6173,6483,6819,6889,6735,6822,7058,7243,7321,8505,8969,9736,10227,10707,11138,11761,11803,12866,12790,13624,13821,14597,14537,14462,14054,14472,12651,11391,10506,13906
Pob_Total_85_y_mas_anios,8868,9341,9408,9727,10245,10891,11601,12367,12988,13762,14388,15665,16694,18083,19557,21069,22490,23842,25111,26467,28000,29507,30570,31900,33334,34540,35851,37077,38138,38889,39988,41904,44629,47523,50594,53829,57206,60988,63889,68200,71810,75037,78538,82177,85393,88518,89694,91677,91052,90308,88753
Edad_Media_Pob,"31,6","31,8","31,9","32,1","32,3","32,6","33,0","33,3","33,7","34,1","34,6","35,0","35,4","35,9","36,4","36,9","37,4","37,8","38,2","38,7","39,1","39,5","39,9","40,3","40,7","41,1","41,4","41,8","42,0","42,2","42,4","42,6","42,8","42,9","43,1","43,3","43,5","43,7","44,0","44,3","44,5","44,7","44,9","45,1","45,2","45,4","45,6","45,9","46,0","46,2","46,3"
Pob_Hombres_Total,985202,1000148,1015432,1029400,1041503,1051613,1060387,1063055,1063708,1062915,1061336,1058622,1055676,1051745,1047000,1041592,1035272,1032987,1031924,1030406,1028503,1026439,1024412,1022890,1021175,1019552,1018360,1018331,1023795,1029660,1036133,1041966,1048899,1057895,1065421,1067188,1067391,1066155,1061831,1056919,1056495,1057049,1059094,1062576,1067911,1075169,1075982,1072491,1077504,1083488,1091718
Pob_Hombres_0anios,20249,20127,20591,19566,17859,16093,14886,14153,13113,12069,11446,10614,10388,9520,9005,8549,8075,8237,8399,8114,7770,7899,8097,8394,8355,8582,8947,9231,9231,10013,10107,10145,10373,10657,11052,10950,10809,10846,10639,9762,9830,9688,9293,8815,8242,7920,7671,7411,7057,6911,6614
Pob_Hombres_1anio,20189,20079,19969,20268,19241,17602,16045,14768,14018,12995,11956,11361,10539,10219,9375,8864,8358,8034,8221,8370,8103,7757,7890,8091,8374,8371,8628,8958,9318,9330,10088,10191,10263,10480,10758,11150,11060,10844,10803,10660,9818,9875,9728,9352,8870,8306,7983,7678,7542,7178,7026
Pob_Hombres_2anios,20355,20074,19963,19856,19998,18954,17379,15949,14659,13899,12896,11858,11286,10481,10067,9239,8732,8337,8050,8216,8350,8093,7749,7890,8088,8362,8396,8675,9066,9416,9389,10176,10299,10354,10588,10859,11257,11142,10815,10756,10712,9857,9931,9821,9467,9004,8342,7932,7749,7659,7300
Pob_Hombres_3anio,19969,20271,19955,19843,19744,19737,18676,17255,15844,14557,13784,12800,11769,11213,10429,9915,9101,8718,8351,8068,8210,8334,8084,7740,7890,8088,8347,8431,8752,9157,9479,9433,10235,10380,10432,10638,10930,11360,11097,10810,10782,10737,9887,9964,9895,9555,9028,8380,8088,7863,7745
Pob_Hombres_4_anios,19106,19881,20180,19840,19734,19632,19478,18520,17162,15740,14457,13675,12704,11678,11138,10375,9769,9086,8727,8367,8085,8204,8317,8077,7734,7892,8087,8349,8501,8848,9229,9549,9506,10331,10446,10525,10713,10966,11317,11072,10884,10822,10773,9949,10054,10016,9589,9040,8488,8193,7998
Pob_Hombres_5_anios,18808,19106,19801,20092,19732,19624,19524,19344,18391,17070,15640,14357,13566,12610,11583,11062,10321,9758,9096,8736,8384,8100,8201,8300,8070,7726,7895,8093,8445,8560,8923,9289,9620,9568,10356,10500,10576,10784,10978,11316,11105,10933,10872,10834,10020,10189,10059,9613,9162,8576,8336
Pob_Hombres_6_anios,18928,18822,19112,19723,20006,19619,19477,19412,19238,18263,16978,15535,14260,13455,12519,11491,10989,10320,9772,9108,8745,8399,8118,8198,8284,8063,7719,7910,8152,8528,8631,9013,9385,9689,9628,10402,10535,10618,10743,10927,11338,11110,10987,10922,10882,10140,10255,10095,9755,9269,8683
Pob_Hombres_7_anios,19407,18944,18838,19116,19646,19921,19508,19363,19305,19133,18136,16888,15435,14161,13346,12424,11402,10978,10325,9786,9117,8756,8414,8136,8194,8267,8055,7721,8005,8204,8576,8701,9117,9500,9728,9696,10444,10563,10595,10747,10956,11362,11150,11063,10965,10994,10161,10301,10244,9889,9391
Pob_Hombres_8_anios,19228,19395,18957,18860,19124,19567,19836,19400,19247,19204,19032,18007,16798,15338,14062,13237,12330,11399,10980,10337,9802,9128,8764,8432,8154,8190,8251,8055,7785,8072,8272,8655,8785,9190,9557,9783,9728,10479,10562,10602,10774,10965,11404,11184,11149,11087,11044,10184,10442,10373,10025
Pob_Hombres_9_anios,19457,19265,19386,18967,18879,19135,19494,19752,19288,19126,19103,18923,17881,16710,15239,13964,13131,12323,11417,10979,10347,9815,9139,8775,8447,8172,8187,8255,8123,7859,8141,8355,8757,8884,9252,9622,9794,9753,10469,10557,10626,10814,10998,11463,11228,11250,11129,11093,10376,10571,10506
Pob_Hombres_10_anios,19819,19487,19307,19383,18983,18899,19141,19415,19664,19176,19011,19003,18823,17752,16616,15140,13865,13137,12331,11435,10981,10357,9828,9151,8785,8465,8190,8201,8328,8221,7941,8237,8474,8888,8941,9328,9650,9817,9755,10478,10586,10622,10866,11059,11495,11300,11277,11112,11244,10459,10722
Pob_Hombres_11_anios,19008,19847,19526,19349,19373,18991,18917,19061,19344,19581,19070,18893,18899,18720,17628,16528,15044,13867,13168,12340,11455,10985,10365,9843,9162,8796,8482,8216,8272,8410,8298,8028,8326,8578,8990,8958,9357,9700,9820,9772,10518,10618,10658,10914,11087,11564,11334,11254,11290,11373,10609
Pob_Hombres_12_anios,18518,19069,19865,19557,19390,19367,19008,18855,18957,19269,19498,18965,18776,18797,18617,17503,16439,15042,13895,13200,12349,11472,10987,10376,9860,9174,8806,8519,8299,8367,8491,8381,8137,8424,8643,9056,9010,9393,9711,9843,9794,10537,10672,10703,10953,11173,11589,11355,11410,11385,11506
Pob_Hombres_13_anios,17931,18514,19130,19891,19590,19432,19361,18934,18778,18855,19198,19410,18857,18660,18694,18519,17374,16441,15064,13920,13232,12361,11489,10988,10389,9875,9187,8832,8597,8394,8441,8590,8477,8232,8514,8719,9100,9060,9421,9736,9874,9851,10595,10751,10775,11065,11191,11626,11508,11557,11572
Pob_Hombres_14_anios,17697,17949,18513,19192,19920,19622,19477,19271,18848,18700,18752,19124,19322,18751,18543,18589,18418,17382,16467,15082,13945,13261,12370,11505,10992,10398,9888,9211,8913,8679,8485,8554,8694,8610,8323,8589,8710,9128,9078,9407,9765,9909,9931,10690,10852,10891,11068,11228,11788,11625,11722
Pob_Hombres_15_anios,17488,17613,17966,18509,19245,19937,19651,19388,19168,18760,18618,18648,19046,19231,18642,18425,18479,18396,17419,16491,15102,13968,13292,12378,11520,10994,10409,9926,9311,9031,8796,8588,8672,8809,8706,8416,8653,8741,9162,9086,9428,9848,9977,10059,10806,10949,10962,11108,11430,11971,11796
Pob_Hombres_16_anios,17085,17476,17533,17983,18503,19306,19959,19559,19275,19065,18674,18532,18537,18969,19146,18527,18301,18439,18392,17450,16515,15115,13990,13322,12387,11539,10996,10447,10077,9419,9159,8928,8725,8898,9009,8813,8496,8716,8846,9210,9142,9491,9963,10136,10248,11003,11057,11062,11330,11676,12206
Pob_Hombres_17_anios,17028,17156,17461,17451,18003,18498,19359,19856,19439,19157,18954,18582,18448,18431,18887,19054,18410,18275,18419,18392,17485,16536,15134,14012,13350,12392,11545,11013,10605,10252,9591,9359,9145,8967,9153,9238,8951,8621,8817,8933,9334,9242,9640,10154,10433,10539,11140,11179,11387,11703,12116
Pob_Hombres_18_anios,16040,17093,17230,17443,17359,18015,18491,19247,19725,19311,19044,18842,18479,18359,18327,18806,18958,18372,18272,18402,18393,17519,16552,15145,14031,13375,12394,11586,11134,10732,10400,9781,9566,9373,9202,9293,9355,9035,8703,8859,9049,9436,9370,9824,10396,10688,10664,11277,11517,11727,12122
Pob_Hombres_19_anios,15407,16137,17163,17292,17422,17270,18032,18384,19098,19587,19175,18927,18734,18376,18264,18213,18718,18881,18346,18257,18381,18380,17552,16578,15159,14053,13398,12426,11740,11297,10910,10585,9995,9837,9542,9257,9267,9260,8958,8624,8887,9117,9537,9493,10052,10656,10792,10870,11601,11848,12083
Pob_Hombres_20_anios,14679,15495,16231,17223,17354,17410,17184,17927,18253,18942,19443,19044,18805,18624,18278,18162,18092,18634,18805,18316,18252,18359,18375,17578,16595,15171,14079,13464,12646,11966,11517,11133,10817,10272,10028,9585,9316,9261,9129,8914,8664,8949,9235,9699,9693,10306,10806,10914,11176,11944,12187
Pob_Hombres_21_anios,14987,14804,15591,16325,17287,17422,17397,17154,17812,18127,18782,19302,18908,18688,18517,18171,18065,17997,18554,18744,18283,18243,18330,18362,17602,16610,15176,14144,13686,12918,12214,11712,11418,11146,10495,10095,9635,9262,9203,9057,8937,8764,9068,9422,9946,9986,10417,10909,11208,11445,12331
Pob_Hombres_22_anios,15212,15127,14928,15678,16422,17343,17474,17376,17136,17685,17990,18619,19159,18775,18562,18404,18066,17991,17918,18480,18676,18253,18232,18309,18350,17624,16623,15221,14433,13967,13159,12484,11971,11745,11386,10572,10126,9618,9205,9111,9144,9050,8904,9261,9647,10238,10151,10552,11290,11555,11922
Pob_Hombres_23_anios,14262,15339,15264,15047,15767,16511,17402,17396,17348,17119,17559,17854,18458,19010,18629,18427,18270,17982,17921,17837,18412,18606,18219,18219,18279,18334,17650,16674,15531,14717,14228,13403,12813,12292,12002,11500,10626,10126,9610,9212,9128,9270,9210,9099,9543,10020,10390,10301,10927,11654,12015
Pob_Hombres_24_anios,14371,14415,15454,15401,15166,15859,16597,17341,17298,17322,17091,17434,17723,18288,18863,18492,18300,18175,17901,17855,17768,18345,18538,18191,18207,18261,18326,17708,16966,15830,15065,14507,13688,13185,12591,12090,11489,10659,10069,9573,9303,9248,9440,9410,9424,9928,10209,10554,10671,11348,12230
Pob_Hombres_25_anios,14971,14548,14567,15587,15530,15284,15940,16547,17254,17197,17304,17072,17312,17590,18117,18715,18347,18204,18088,17824,17793,17690,18273,18471,18161,18204,18240,18333,18002,17226,16079,15389,14816,14014,13480,12656,12051,11527,10596,10085,9622,9403,9441,9696,9747,9791,10140,10357,10921,11021,11831
Pob_Hombres_26_anios,15328,15156,14732,14724,15706,15666,15401,15883,16472,17165,17099,17274,17060,17177,17444,17950,18557,18247,18124,18010,17747,17724,17623,18205,18403,18134,18186,18251,18638,18219,17498,16330,15617,15141,14295,13460,12618,12012,11410,10509,10130,9689,9542,9659,10016,10141,10030,10236,10746,11305,11501
Pob_Hombres_27_anios,14841,15586,15348,14920,14874,15830,15799,15366,15795,16393,17080,16999,17247,17037,17048,17309,17776,18477,18151,18045,17930,17656,17650,17552,18136,18333,18107,18181,18468,18863,18465,17705,16579,15961,15385,14345,13398,12542,11848,11291,10559,10212,9839,9774,9975,10433,10317,10178,10529,11161,11694
Pob_Hombres_28_anios,14760,14975,15847,15536,15108,15020,15956,15747,15289,15711,16313,16984,16901,17227,17012,16907,17165,17696,18405,18064,17963,17837,17572,17581,17470,18060,18258,18102,18416,18617,19008,18702,17912,16852,16246,15364,14313,13320,12450,11748,11319,10522,10346,10088,10104,10315,10644,10378,10533,10919,11644
Pob_Hombres_29_anios,15130,14861,15111,16096,15721,15294,15174,15898,15657,15210,15628,16230,16890,16806,17194,16988,16772,17089,17622,18345,17968,17890,17764,17495,17513,17389,17992,18185,18279,18585,18807,19185,18828,18142,16994,16214,15246,14226,13126,12219,11719,11325,10619,10513,10303,10423,10469,10706,10735,10874,11341
Pob_Hombres_30_anios,14754,15223,14961,15248,16350,15910,15487,15109,15807,15567,15134,15539,16146,16805,16704,17165,16961,16712,17022,17557,18284,17872,17808,17688,17424,17451,17321,17948,18361,18432,18748,18953,19332,19052,18315,16913,16145,15101,14069,13006,12184,11764,11414,10774,10796,10591,10654,10516,11004,10956,11289
Pob_Hombres_31_anios,14405,14822,15326,15060,15383,16609,16091,15421,14998,15713,15476,15057,15447,16061,16698,16585,17122,16912,16681,16971,17488,18204,17770,17725,17612,17343,17386,17254,18109,18494,18512,18826,19129,19586,19227,18317,16903,15952,14927,13828,12900,12207,11859,11600,11034,11080,10789,10630,10755,11349,11346
Pob_Hombres_32_anios,12724,14451,14884,15427,15154,15518,16868,16023,15315,14885,15623,15384,14973,15355,15984,16604,16473,17084,16861,16635,16913,17411,18123,17685,17634,17547,17266,17322,17444,18251,18613,18644,18932,19328,19666,19107,18295,16742,15726,14741,13792,12906,12296,12004,11791,11388,11288,10798,10915,11012,11711
Pob_Hombres_33_anios,12255,12751,14509,14948,15531,15251,15650,16790,15913,15210,14779,15527,15297,14891,15261,15899,16497,16427,17059,16799,16601,16850,17332,18062,17598,17565,17470,17213,17451,17579,18310,18708,18778,19106,19477,19570,19006,18064,16478,15522,14682,13755,12989,12444,12215,12097,11545,11287,11089,11228,11354
Pob_Hombres_34_anios,14033,12259,12775,14559,15013,15638,15347,15576,16656,15795,15097,14669,15431,15198,14816,15173,15818,16463,16399,17033,16752,16554,16785,17276,18012,17520,17499,17415,17325,17498,17743,18422,18829,18933,19228,19417,19447,18800,17783,16282,15440,14620,13844,13094,12694,12471,12240,11554,11527,11271,11488
Pob_Hombres_35_anios,10401,13996,12266,12802,14616,15087,15747,15268,15464,16522,15681,14983,14564,15328,15112,14730,15078,15785,16437,16362,16997,16707,16494,16737,17227,17963,17431,17428,17509,17428,17594,17831,18495,18968,18990,19146,19258,19305,18641,17535,16219,15437,14632,13982,13253,12924,12583,12206,11718,11818,11528
Pob_Hombres_36_anios,11504,10395,13967,12269,12819,14665,15150,15677,15150,15357,16380,15559,14866,14456,15231,15018,14645,15050,15733,16412,16330,16963,16662,16471,16698,17183,17902,17373,17511,17601,17536,17649,17930,18616,19088,18898,19047,19129,19113,18409,17473,16255,15520,14770,14204,13490,13096,12577,12372,11913,12084
Pob_Hombres_37_anios,12777,11473,10383,13941,12274,12838,14709,15064,15560,15029,15239,16247,15438,14748,14342,15132,14909,14614,15033,15704,16379,16295,16927,16626,16441,16662,17133,17846,17470,17556,17753,17633,17695,18039,18722,19001,18833,18937,18903,18912,18345,17516,16295,15652,14943,14408,13615,13048,12839,12567,12158
Pob_Hombres_38_anios,14491,12754,11454,10373,13906,12276,12857,14619,14946,15435,14914,15117,16106,15321,14630,14229,15028,14866,14591,15017,15662,16345,16262,16897,16598,16419,16617,17091,17939,17553,17649,17861,17698,17842,18177,18590,18922,18642,18768,18704,18801,18367,17553,16356,15833,15141,14557,13647,13188,12996,12839
Pob_Hombres_39_anios,14254,14476,12726,11433,10358,13874,12268,12770,14501,14827,15321,14792,14991,15953,15196,14508,14106,14980,14840,14554,15001,15638,16308,16233,16880,16566,16392,16580,17147,18000,17621,17691,17930,17878,17926,18110,18566,18862,18462,18606,18669,18790,18346,17599,16514,16028,15266,14483,13818,13377,13148
Pob_Hombres_40_anios,14500,14268,14472,12701,11401,10336,13829,12194,12662,14385,14707,15204,14667,14870,15801,15064,14385,14059,14936,14812,14522,14966,15602,16283,16216,16860,16529,16389,16608,17201,18077,17687,17734,18059,17934,17891,18025,18415,18674,18346,18537,18673,18840,18405,17712,16700,16119,15272,14627,14000,13572
Pob_Hombres_41_anios,15331,14494,14274,14449,12675,11378,10316,13731,12101,12566,14262,14584,15087,14541,14745,15653,14939,14342,14028,14901,14775,14480,14949,15567,16254,16198,16839,16517,16402,16644,17244,18132,17721,17723,18151,17885,17830,17933,18278,18568,18254,18527,18707,18843,18514,17872,16785,16042,15343,14719,14131
Pob_Hombres_42_anios,15164,15292,14473,14272,14420,12656,11341,10230,13622,12002,12453,14137,14463,14969,14406,14613,15499,14896,14313,13993,14864,14741,14440,14926,15527,16221,16168,16837,16544,16418,16695,17234,18202,17782,17751,18147,17848,17775,17751,18100,18512,18273,18531,18759,18942,18653,17958,16747,16169,15481,14895
Pob_Hombres_43_anios,14755,15108,15253,14444,14260,14378,12617,11256,10151,13509,11908,12349,14016,14330,14852,14267,14469,15442,14864,14282,13951,14819,14705,14406,14915,15495,16195,16169,16877,16558,16491,16724,17229,18237,17821,17738,18080,17724,17597,17638,18066,18514,18298,18527,18817,19038,18697,17886,16751,16250,15620
Pob_Hombres_44_anios,14900,14734,15053,15202,14419,14266,14338,12522,11157,10048,13396,11808,12231,13886,14198,14721,14132,14426,15398,14831,14245,13907,14770,14662,14374,14898,15453,16187,16195,16851,16591,16504,16747,17256,18285,17784,17687,17978,17557,17476,17605,18032,18465,18323,18571,18875,19117,18612,17993,16826,16372
Pob_Hombres_45_anios,13704,14809,14718,14983,15138,14397,14246,14228,12410,11067,9940,13301,11701,12116,13764,14067,14584,14070,14378,15355,14793,14203,13867,14723,14624,14319,14871,15411,16188,16185,16895,16627,16507,16793,17270,18239,17693,17558,17820,17404,17440,17592,18028,18446,18400,18632,18933,19071,18643,17966,16906
Pob_Hombres_46_anios,13955,13697,14712,14698,14914,15068,14377,14153,14093,12290,10965,9848,13189,11596,11985,13625,13929,14511,14031,14324,15299,14754,14168,13822,14668,14585,14283,14873,15422,16175,16204,16904,16643,16545,16787,17204,18117,17564,17391,17626,17409,17426,17583,18067,18456,18478,18666,18808,19093,18708,18047
Pob_Hombres_47_anios,13234,13906,13663,14624,14674,14837,15027,14279,14038,13970,12168,10853,9749,13068,11487,11881,13490,13857,14447,13992,14284,15245,14717,14115,13779,14607,14540,14232,14877,15417,16150,16186,16884,16676,16543,16672,17113,18004,17423,17284,17582,17382,17413,17602,18080,18531,18509,18555,18860,19121,18759
Pob_Hombres_48_anios,13155,13166,13858,13638,14519,14642,14776,14902,14144,13907,13825,12062,10731,9648,12941,11364,11757,13426,13814,14378,13930,14232,15180,14652,14080,13736,14545,14500,14226,14851,15390,16132,16189,16891,16688,16473,16638,17032,17851,17280,17197,17544,17351,17375,17617,18157,18519,18408,18606,18878,19176
Pob_Hombres_49_anios,12166,13098,13083,13808,13602,14404,14613,14658,14757,14011,13768,13677,11940,10626,9551,12795,11252,11668,13353,13765,14305,13882,14172,15109,14598,14022,13672,14506,14434,14199,14838,15368,16096,16190,16900,16630,16383,16552,16963,17736,17169,17130,17503,17309,17380,17698,18158,18419,18385,18610,18877
Pob_Hombres_50_anios,12091,12108,13000,12995,13728,13558,14290,14481,14530,14609,13869,13641,13519,11820,10512,9447,12664,11172,11607,13289,13697,14214,13819,14100,15060,14542,13970,13620,14444,14398,14167,14815,15339,16087,16151,16832,16523,16302,16434,16852,17674,17149,17112,17479,17297,17409,17676,18070,18403,18349,18633
Pob_Hombres_51_anios,11475,11963,12032,12910,12913,13635,13503,14140,14332,14386,14449,13725,13506,13351,11684,10395,9340,12563,11099,11557,13225,13630,14138,13769,14024,14994,14475,13924,13570,14410,14368,14158,14744,15320,16063,16070,16747,16447,16181,16290,16808,17574,17119,17074,17470,17270,17396,17617,18059,18424,18336
Pob_Hombres_52_anios,10963,11395,11833,11963,12826,12794,13567,13366,13981,14158,14247,14289,13564,13362,13201,11557,10277,9265,12451,11022,11494,13145,13571,14061,13709,13969,14924,14425,13856,13530,14351,14308,14121,14707,15273,15991,15947,16608,16300,16047,16220,16736,17538,17078,17099,17465,17239,17304,17568,18016,18406
Pob_Hombres_53_anios,10497,10860,11311,11697,11883,12733,12694,13382,13224,13823,13981,14090,14114,13398,13216,13043,11394,10181,9201,12374,10927,11434,13055,13517,13979,13650,13885,14849,14342,13789,13449,14277,14280,14058,14646,15197,15904,15888,16501,16182,15983,16155,16655,17477,17065,17044,17417,17129,17276,17530,18035
Pob_Hombres_54_anios,9811,10400,10748,11220,11580,11799,12657,12530,13209,13062,13658,13790,13918,13929,13239,13064,12886,11261,10111,9112,12267,10845,11354,12987,13436,13893,13576,13792,14787,14262,13693,13368,14223,14225,13995,14534,15101,15775,15727,16339,16057,15918,16097,16572,17413,17033,16991,17334,17055,17252,17489
Pob_Hombres_55_anios,7993,9701,10272,10622,11132,11441,11694,12478,12356,13034,12898,13467,13590,13754,13763,13071,12902,12720,11146,10016,9040,12152,10763,11268,12899,13349,13786,13486,13699,14717,14190,13585,13290,14171,14110,13946,14439,15001,15669,15582,16233,15980,15842,16037,16501,17367,16974,16898,17260,17020,17232
Pob_Hombres_56_anios,7920,7890,9560,10160,10516,11031,11279,11535,12302,12179,12819,12716,13270,13404,13577,13536,12907,12752,12580,11024,9932,8942,12027,10691,11184,12796,13247,13666,13407,13596,14595,14094,13465,13189,14082,13985,13832,14325,14889,15512,15479,16153,15910,15767,15988,16446,17329,16897,16843,17191,16970
Pob_Hombres_57_anios,7721,7803,7802,9417,10042,10406,10918,11114,11382,12113,11969,12618,12525,13087,13205,13398,13355,12741,12591,12417,10898,9835,8861,11910,10573,11086,12688,13155,13557,13333,13510,14478,13987,13369,13114,13968,13880,13661,14206,14754,15413,15413,16058,15821,15712,15923,16369,17221,16837,16795,17117
Pob_Hombres_58_anios,7009,7587,7673,7697,9277,9903,10284,10747,10918,11184,11907,11767,12409,12335,12886,12990,13204,13166,12584,12410,12255,10753,9729,8759,11805,10458,10990,12564,13051,13417,13202,13390,14348,13862,13264,13013,13834,13744,13565,14052,14674,15285,15309,15959,15736,15665,15842,16315,17139,16762,16703
Pob_Hombres_59_anios,7167,6928,7435,7537,7592,9138,9785,10079,10549,10716,10987,11705,11556,12194,12121,12677,12777,13020,12972,12414,12221,12081,10622,9624,8652,11688,10346,10867,12416,12903,13283,13094,13234,14251,13763,13139,12892,13697,13617,13469,13920,14571,15189,15224,15841,15653,15558,15681,16188,17030,16669
Pob_Hombres_60_anios,7141,7046,6852,7300,7394,7489,8973,9585,9868,10332,10493,10785,11499,11362,11981,11903,12471,12558,12837,12780,12238,12063,11885,10491,9524,8555,11537,10222,10726,12243,12751,13083,12949,13079,14085,13614,13011,12761,13550,13460,13322,13789,14479,15111,15162,15719,15558,15441,15592,16125,16939
Pob_Hombres_61_anios,7102,6992,6889,6755,7151,7227,7390,8774,9355,9658,10115,10274,10560,11281,11134,11746,11697,12275,12349,12632,12582,12067,11871,11713,10332,9412,8458,11370,10060,10574,12064,12555,12883,12771,12920,13915,13425,12874,12572,13402,13345,13194,13651,14367,15010,15044,15582,15398,15330,15503,16032
Pob_Hombres_62_anios,6840,6939,6840,6773,6659,6993,7083,7239,8586,9156,9445,9895,10054,10349,11068,10930,11495,11506,12043,12135,12412,12371,11882,11685,11529,10175,9265,8338,11163,9926,10412,11903,12383,12699,12601,12761,13747,13280,12727,12408,13244,13211,13046,13527,14261,14870,14892,15456,15241,15200,15370
Pob_Hombres_63_anios,6366,6671,6741,6679,6622,6555,6820,6907,7087,8398,8937,9231,9630,9827,10143,10826,10717,11251,11290,11825,11914,12185,12145,11686,11474,11335,10000,9121,8185,10981,9769,10268,11736,12206,12545,12418,12591,13585,13103,12571,12250,13110,13062,12919,13422,14131,14722,14746,15297,15141,15076
Pob_Hombres_64_anios,6290,6225,6512,6553,6520,6491,6455,6673,6727,6929,8166,8708,8996,9372,9613,9912,10584,10490,11067,11081,11605,11706,11950,11933,11473,11277,11120,9812,8959,8054,10790,9624,10104,11568,12063,12373,12236,12434,13405,12930,12420,12116,12958,12944,12774,13299,13960,14525,14579,15140,15020
Pob_Hombres_65_anios,5844,6113,6093,6330,6333,6341,6314,6289,6522,6545,6728,7949,8487,8752,9114,9377,9675,10355,10284,10877,10849,11365,11455,11718,11675,11275,11065,10916,9601,8796,7917,10592,9436,9934,11396,11883,12166,12075,12240,13197,12776,12249,11954,12792,12772,12633,13100,13733,14306,14399,14967
Pob_Hombres_66_anios,5885,5704,5942,5933,6162,6120,6176,6149,6132,6344,6361,6558,7717,8256,8500,8854,9139,9475,10137,10066,10644,10617,11108,11214,11495,11423,11072,10830,10693,9408,8616,7764,10387,9245,9785,11208,11678,11976,11918,12057,13010,12601,12074,11772,12636,12612,12441,12888,13503,14162,14264
Pob_Hombres_67_anios,5326,5702,5527,5712,5770,5987,5932,5995,5976,5964,6165,6171,6336,7466,8001,8267,8575,8901,9255,9895,9836,10398,10356,10855,10965,11221,11200,10849,10607,10449,9221,8473,7606,10206,9099,9615,11031,11517,11789,11721,11847,12806,12422,11880,11621,12468,12391,12262,12699,13363,13983
Pob_Hombres_68_anios,5192,5154,5496,5338,5504,5588,5781,5764,5820,5775,5776,5974,5968,6120,7210,7745,7997,8335,8695,9004,9634,9608,10133,10094,10605,10710,10942,10945,10606,10358,10252,9048,8331,7444,10019,8935,9457,10841,11310,11597,11531,11647,12610,12237,11645,11464,12254,12180,12039,12516,13189
Pob_Hombres_69_anios,4968,5023,4990,5286,5146,5287,5430,5599,5589,5645,5580,5584,5779,5763,5925,6943,7486,7758,8099,8454,8783,9383,9353,9871,9828,10339,10440,10652,10692,10366,10131,10038,8871,8178,7293,9836,8787,9286,10661,11084,11422,11350,11409,12401,12056,11455,11282,12030,11973,11865,12354
Pob_Hombres_70_anios,4647,4756,4802,4780,5103,4973,5101,5239,5414,5408,5441,5392,5389,5562,5532,5707,6684,7238,7535,7862,8198,8527,9080,9071,9573,9575,10044,10118,10360,10435,10146,9894,9821,8685,8010,7153,9662,8621,9104,10480,10887,11197,11147,11240,12195,11854,11224,11056,11830,11789,11693
Pob_Hombres_71_anios,4306,4428,4514,4591,4587,4883,4803,4895,5041,5212,5220,5238,5179,5195,5354,5296,5489,6425,7006,7289,7615,7936,8219,8803,8787,9306,9280,9726,9844,10069,10151,9901,9661,9606,8493,7843,7004,9463,8464,8912,10266,10662,10968,10919,11035,11979,11625,11001,10851,11603,11596
Pob_Hombres_72_anios,3964,4103,4169,4254,4375,4384,4662,4615,4675,4825,5006,5009,5047,4952,4988,5163,5068,5276,6194,6745,7059,7344,7666,7928,8482,8494,8986,8999,9409,9568,9773,9866,9626,9380,9329,8311,7649,6855,9254,8270,8726,10057,10430,10740,10703,10791,11707,11378,10725,10644,11458
Pob_Hombres_73_anios,3442,3738,3886,3949,4015,4195,4176,4405,4408,4471,4592,4773,4777,4832,4733,4756,4909,4842,5079,5959,6473,6809,7058,7380,7615,8148,8183,8655,8714,9107,9299,9467,9589,9372,9128,9074,8097,7466,6672,9035,8076,8541,9838,10226,10518,10482,10538,11418,11128,10530,10436
Pob_Hombres_74_anios,3324,3235,3505,3681,3722,3793,3989,3977,4172,4177,4240,4352,4545,4559,4604,4493,4526,4711,4635,4875,5702,6193,6531,6749,7066,7305,7829,7873,8348,8380,8818,8950,9167,9299,9117,8846,8813,7878,7266,6512,8770,7875,8339,9605,10005,10262,10238,10276,11116,10887,10336
Pob_Hombres_75_anios,2491,3084,3036,3267,3462,3481,3542,3777,3760,3960,3966,4004,4131,4325,4324,4395,4273,4298,4481,4445,4676,5428,5913,6241,6463,6749,6976,7497,7544,8023,8079,8462,8663,8845,8969,8833,8592,8552,7638,7045,6336,8520,7653,8137,9331,9726,9941,10014,10005,10823,10595
Pob_Hombres_76_anios,2491,2327,2856,2848,3040,3247,3224,3316,3554,3523,3723,3720,3810,3887,4100,4088,4183,4043,4099,4226,4232,4433,5177,5618,5938,6161,6448,6638,7176,7221,7722,7797,8141,8355,8549,8662,8527,8342,8259,7387,6800,6149,8275,7426,7900,9080,9418,9610,9707,9708,10534
Pob_Hombres_77_anios,2110,2264,2139,2655,2684,2808,3022,3015,3114,3293,3298,3469,3470,3595,3642,3858,3825,3930,3804,3874,3994,3982,4208,4887,5317,5622,5855,6104,6351,6813,6882,7363,7462,7814,8026,8218,8307,8209,8020,7975,7109,6577,5958,8014,7192,7652,8749,9130,9289,9423,9419
Pob_Hombres_78_anios,2114,1922,2060,1951,2422,2499,2567,2799,2780,2881,3057,3044,3243,3234,3327,3410,3588,3581,3652,3550,3625,3750,3727,3945,4592,4981,5307,5545,5770,6023,6473,6513,7014,7124,7422,7637,7835,7946,7838,7705,7648,6824,6309,5733,7753,6954,7360,8410,8788,8976,9147
Pob_Hombres_79_anios,1692,1899,1757,1894,1790,2209,2299,2314,2541,2561,2665,2806,2826,2984,3025,3118,3144,3366,3357,3404,3323,3379,3518,3514,3690,4262,4643,4994,5222,5441,5653,6065,6129,6650,6743,7085,7317,7495,7587,7484,7384,7304,6556,6066,5493,7463,6646,7023,8083,8453,8639
Pob_Hombres_80_anios,1472,1507,1702,1568,1709,1633,2024,2061,2095,2292,2343,2415,2554,2579,2735,2786,2860,2907,3120,3099,3144,3068,3139,3264,3261,3397,3956,4345,4678,4880,5091,5294,5668,5763,6257,6360,6708,6903,7159,7216,7133,7053,6947,6273,5777,5254,7086,6352,6705,7753,8116
Pob_Hombres_81_anios,1277,1287,1360,1526,1386,1548,1474,1827,1839,1887,2094,2112,2200,2323,2334,2490,2539,2592,2670,2833,2843,2886,2819,2907,3012,2992,3150,3644,4019,4355,4520,4689,4898,5307,5402,5877,5993,6276,6525,6777,6854,6733,6690,6570,5945,5501,4951,6665,6050,6378,7367
Pob_Hombres_82_anios,1090,1105,1142,1199,1369,1230,1372,1322,1614,1649,1679,1847,1911,1993,2105,2094,2235,2308,2334,2395,2574,2595,2638,2577,2660,2736,2726,2898,3329,3689,4041,4172,4364,4551,4933,4992,5467,5595,5878,6132,6345,6426,6345,6311,6143,5591,5153,4670,6325,5712,6062
Pob_Hombres_83_anios,770,937,951,1008,1055,1211,1078,1215,1171,1422,1451,1484,1671,1715,1792,1878,1847,2003,2056,2133,2150,2325,2328,2367,2318,2385,2462,2493,2614,3026,3357,3672,3838,4008,4185,4554,4587,5087,5201,5493,5710,5895,5995,5935,5925,5761,5226,4831,4321,5920,5362
Pob_Hombres_84_anios,737,646,788,820,878,937,1040,926,1052,1030,1264,1256,1308,1473,1509,1591,1683,1626,1786,1823,1911,1953,2094,2076,2123,2063,2145,2223,2222,2354,2762,3010,3358,3505,3655,3839,4170,4195,4708,4795,5059,5277,5449,5587,5517,5510,5321,4869,4493,4042,5525
Pob_Hombres_85_y_mas_anios,2952,2922,2892,2934,3043,3175,3311,3538,3709,3831,4002,4309,4574,4938,5308,5748,6178,6591,6897,7262,7614,7932,8269,8661,8962,9181,9433,9763,10016,10182,10590,11132,12073,13166,14266,15264,16391,17750,18784,20316,21761,22976,24358,25654,26965,28217,28824,29214,29062,28986,28575
Pob_Mujeres_Total,1004537,1018843,1033834,1047362,1059466,1069911,1078973,1082806,1084842,1085734,1085835,1084881,1083204,1081107,1078499,1075295,1071133,1070331,1070278,1069976,1069444,1068418,1067481,1066867,1065689,1064983,1064611,1064580,1068844,1073442,1079129,1085703,1093702,1101532,1108659,1112344,1115743,1118541,1117443,1115328,1116212,1117377,1120850,1124678,1129395,1136748,1136646,1133335,1138798,1144196,1150625
Pob_Mujeres_0anios,19281,18736,19349,18034,16738,15342,13949,13217,12182,11465,10633,10074,9452,8830,8719,8171,7818,7811,7825,7670,7411,7374,7812,7838,7735,8248,8388,8641,8933,9300,9527,9667,9762,10022,10402,10110,10462,10537,9749,9241,9453,9107,8911,8270,7847,7550,7148,6874,6631,6578,6413
Pob_Mujeres_1anio,18845,19084,18648,19091,17691,16459,15337,13913,13124,12109,11385,10574,10012,9349,8738,8558,8049,7792,7804,7812,7655,7396,7362,7807,7825,7769,8299,8437,8737,9060,9474,9709,9832,9920,10154,10536,10249,10580,10490,9766,9273,9499,9165,9011,8340,7942,7602,7239,6990,6751,6678
Pob_Mujeres_2anios,18939,18716,18938,18591,18855,17381,16211,15264,13828,13049,12050,11322,10527,9966,9260,8661,8396,8039,7807,7804,7803,7647,7388,7359,7806,7818,7807,8364,8545,8820,9148,9582,9833,9928,9997,10227,10658,10380,10505,10439,9807,9331,9562,9232,9083,8397,8002,7575,7266,7064,6886
Pob_Mujeres_3anio,18808,18857,18597,18798,18543,18627,17084,16118,15177,13745,12973,11996,11259,10480,9924,9171,8584,8388,8050,7821,7803,7794,7640,7383,7357,7806,7812,7844,8448,8639,8860,9208,9664,9915,10003,10087,10288,10740,10309,10486,10436,9791,9376,9625,9314,9157,8421,8015,7629,7361,7128
Pob_Mujeres_4_anios,17939,18732,18777,18476,18661,18496,18404,16973,16058,15093,13665,12904,11944,11197,10434,9883,9082,8580,8409,8064,7836,7802,7786,7631,7377,7355,7808,7816,7922,8499,8705,8885,9291,9737,9982,10056,10180,10359,10709,10239,10543,10440,9894,9449,9696,9427,9201,8435,8125,7748,7442
Pob_Mujeres_5_anios,17866,17977,18659,18699,18358,18530,18453,18304,16907,16003,15009,13585,12832,11891,11136,10387,9841,9082,8590,8429,8075,7852,7803,7779,7625,7370,7353,7817,7882,7991,8572,8786,8974,9376,9771,10029,10122,10234,10334,10707,10246,10583,10500,9961,9512,9828,9479,9237,8565,8240,7865
Pob_Mujeres_6_anios,17935,17889,18010,18587,18620,18238,18377,18381,18232,16838,15949,14922,13509,12762,11839,11075,10342,9836,9101,8602,8449,8088,7869,7802,7773,7618,7363,7364,7869,7954,8062,8659,8868,9047,9413,9805,10067,10143,10181,10334,10709,10265,10639,10574,10039,9627,9876,9500,9373,8682,8372
Pob_Mujeres_7_anios,18368,17933,17916,18046,18518,18541,18115,18294,18303,18162,16766,15893,14830,13432,12691,11787,11013,10327,9836,9120,8615,8471,8101,7885,7803,7765,7611,7371,7414,7920,8023,8158,8788,8960,9075,9454,9855,10101,10119,10158,10363,10692,10289,10710,10605,10154,9675,9918,9641,9465,8815
Pob_Mujeres_8_anios,18416,18336,17932,17938,18087,18451,18468,18033,18219,18226,18089,16696,15838,14747,13355,12622,11735,11001,10316,9839,9138,8626,8493,8115,7899,7804,7757,7611,7441,7486,8006,8099,8246,8870,9034,9094,9517,9899,10101,10103,10176,10366,10704,10315,10761,10722,10189,9708,10070,9727,9599
Pob_Mujeres_9_anios,18900,18461,18307,17928,17959,18129,18380,18399,17959,18144,18151,18017,16624,15785,14658,13279,12552,11733,11000,10306,9842,9157,8636,8515,8127,7915,7804,7756,7673,7504,7555,8095,8210,8312,8915,9045,9097,9519,9887,10095,10100,10186,10383,10739,10337,10836,10741,10227,9850,10191,9825
Pob_Mujeres_10_anios,19219,18911,18510,18278,17926,17981,18171,18312,18332,17886,18068,18071,17948,16553,15731,14575,13202,12566,11741,10998,10296,9842,9175,8648,8537,8141,7928,7804,7817,7736,7564,7622,8211,8314,8374,8969,9098,9111,9520,9879,10107,10117,10225,10424,10750,10415,10875,10770,10393,9982,10305
Pob_Mujeres_11_anios,18355,19245,18919,18558,18252,17921,18006,18112,18246,18262,17813,17989,17998,17880,16482,15677,14489,13210,12598,11750,10996,10286,9846,9195,8661,8558,8154,7943,7870,7854,7774,7657,7708,8293,8401,8417,9033,9090,9065,9523,9914,10141,10175,10272,10430,10824,10462,10888,10902,10498,10121
Pob_Mujeres_12_anios,17963,18433,19272,18928,18609,18222,17918,17946,18033,18181,18191,17740,17914,17921,17809,16411,15623,14488,13239,12630,11758,10996,10273,9849,9215,8672,8580,8175,7979,7946,7925,7871,7761,7822,8347,8444,8457,9054,9051,9070,9571,9954,10192,10237,10318,10491,10839,10464,11042,11009,10627
Pob_Mujeres_13_anios,17222,18018,18510,19295,18936,18660,18195,17851,17871,17957,18114,18124,17668,17842,17844,17740,16339,15631,14494,13268,12662,11764,10994,10263,9849,9235,8683,8603,8248,8057,8004,8011,7956,7853,7896,8392,8486,8505,9068,9068,9115,9602,9994,10274,10284,10396,10491,10868,10611,11157,11154
Pob_Mujeres_14_anios,17749,17312,18075,18590,19317,18942,18710,18118,17769,17800,17876,18048,18058,17595,17766,17767,17667,16337,15655,14510,13297,12695,11771,10993,10252,9850,9254,8702,8680,8319,8118,8061,8087,8038,7912,7937,8409,8505,8481,9040,9106,9176,9638,10061,10334,10372,10420,10539,11038,10722,11287
Pob_Mujeres_15_anios,17376,17803,17403,18133,18672,19339,18947,18624,18028,17678,17731,17799,17984,17988,17520,17690,17688,17641,16352,15680,14524,13325,12728,11777,10992,10241,9854,9282,8783,8766,8389,8191,8128,8185,8130,7962,7993,8450,8535,8474,9063,9152,9254,9707,10119,10406,10392,10452,10691,11168,10879
Pob_Mujeres_16_anios,17280,17447,17857,17497,18188,18750,19362,18856,18508,17943,17594,17658,17722,17918,17917,17443,17614,17659,17627,16364,15706,14536,13352,12756,11782,10990,10230,9873,9352,8885,8871,8469,8281,8245,8268,8171,8002,7995,8492,8512,8497,9117,9211,9321,9778,10203,10452,10427,10613,10811,11266
Pob_Mujeres_17_anios,16333,17312,17517,17912,17583,18242,18829,19265,18744,18393,17853,17512,17579,17643,17846,17844,17364,17581,17639,17612,16377,15728,14548,13377,12788,11790,10985,10238,9954,9448,8998,8973,8636,8383,8356,8328,8228,8051,8034,8510,8547,8545,9206,9276,9411,9890,10266,10521,10598,10775,10946
Pob_Mujeres_18_anios,15525,16420,17343,17589,17969,17672,18296,18722,19143,18631,18280,17769,17426,17506,17569,17774,17774,17302,17552,17614,17596,16390,15752,14564,13401,12820,11796,10995,10382,10079,9577,9141,9136,8818,8522,8440,8423,8330,8141,8059,8579,8654,8647,9356,9446,9617,9983,10432,10817,10849,11029
Pob_Mujeres_19_anios,15224,15641,16510,17369,17662,18030,17761,18192,18576,19016,18510,18165,17684,17341,17431,17489,17704,17702,17252,17524,17589,17578,16401,15778,14577,13427,12852,11823,11133,10540,10254,9791,9400,9411,9013,8624,8508,8570,8439,8211,8157,8707,8804,8835,9549,9720,9753,10100,10807,11084,11154
Pob_Mujeres_20_anios,14707,15320,15756,16602,17399,17731,18084,17684,18046,18431,18890,18397,18043,17593,17255,17356,17406,17644,17632,17201,17493,17568,17560,16411,15803,14589,13452,12901,11985,11331,10757,10487,10060,9690,9629,9144,8751,8585,8641,8491,8266,8260,8833,9013,9040,9881,9868,9904,10426,11087,11382
Pob_Mujeres_21_anios,14553,14802,15415,15871,16686,17432,17804,18005,17575,17911,18284,18766,18284,17926,17503,17165,17278,17323,17577,17561,17150,17466,17547,17543,16425,15826,14603,13492,13105,12204,11612,11027,10802,10360,9966,9761,9236,8824,8684,8671,8593,8398,8425,9077,9294,9353,10000,9911,10213,10732,11420
Pob_Mujeres_22_anios,14440,14716,14896,15508,15986,16775,17463,17744,17901,17464,17776,18135,18641,18170,17807,17418,17080,17207,17239,17515,17489,17104,17438,17521,17522,16437,15852,14618,13702,13293,12439,11893,11374,11127,10670,10149,9918,9342,8942,8749,8754,8728,8594,8662,9418,9635,9535,10120,10316,10589,11113
Pob_Mujeres_23_anios,13820,14590,14876,14988,15607,16099,16860,17387,17664,17800,17352,17643,17984,18516,18058,17691,17324,17010,17139,17159,17453,17417,17052,17412,17499,17507,16447,15876,14805,13918,13533,12664,12188,11681,11411,10829,10274,10049,9390,8998,8862,8933,8932,8866,8994,9803,9859,9645,10496,10740,10985
Pob_Mujeres_24_anios,14474,13968,14736,15039,15081,15704,16215,16833,17291,17577,17690,17240,17501,17833,18390,17938,17573,17270,16947,17067,17083,17386,17347,17003,17386,17472,17487,16463,16031,15029,14133,13769,12943,12509,11900,11519,10974,10357,10142,9445,9112,8981,9140,9188,9173,9452,10006,10008,9962,10823,11196
Pob_Mujeres_25_anios,14918,14570,14110,14882,15195,15174,15796,16181,16784,17193,17491,17588,17124,17355,17688,18263,17819,17508,17212,16882,16995,16999,17323,17274,16951,17357,17451,17440,16593,16236,15223,14354,14070,13227,12738,12015,11620,10979,10371,10150,9531,9227,9164,9420,9586,9527,9690,10095,10341,10368,11251
Pob_Mujeres_26_anios,15523,15015,14667,14256,15032,15354,15264,15755,16115,16735,17097,17404,17481,17004,17216,17538,18138,17758,17451,17156,16812,16919,16918,17258,17202,16904,17325,17435,17571,16769,16447,15463,14542,14397,13389,12862,12132,11670,10981,10380,10176,9649,9411,9416,9727,9963,9725,9805,10481,10674,10789
Pob_Mujeres_27_anios,14633,15592,15112,14768,14402,15176,15511,15225,15687,16044,16684,17001,17319,17379,16894,17071,17386,18083,17713,17395,17093,16743,16848,16837,17198,17128,16856,17296,17495,17670,16862,16635,15667,14753,14606,13517,12854,12132,11637,10969,10465,10303,9842,9578,9762,10069,10157,9785,10128,10790,11023
Pob_Mujeres_28_anios,14412,14693,15660,15206,14867,14548,15319,15479,15152,15621,15982,16630,16902,17228,17275,16780,16932,17347,18038,17666,17335,17031,16674,16780,16756,17135,17055,16777,17393,17578,17777,16980,16835,15817,14931,14663,13580,12917,12113,11584,10956,10548,10451,10057,9852,10134,10269,10242,10093,10421,11128
Pob_Mujeres_29_anios,15733,14453,14759,15724,15298,14967,14700,15276,15401,15084,15554,15918,16579,16802,17138,17169,16665,16903,17330,17989,17610,17274,16961,16608,16715,16674,17070,16969,16844,17453,17649,17879,17104,16984,15955,14958,14596,13643,12907,12048,11596,11079,10687,10673,10300,10214,10323,10318,10534,10398,10725
Pob_Mujeres_30_anios,14556,15748,14490,14820,15788,15394,15063,14665,15200,15324,15019,15484,15852,16524,16701,17048,17058,16646,16895,17311,17939,17561,17209,16908,16543,16651,16589,16994,16980,16889,17535,17799,18014,17224,17138,15976,15073,14648,13566,12768,12035,11628,11210,10899,10964,10657,10441,10335,10651,10815,10756
Pob_Mujeres_31_anios,14044,14577,15764,14526,14877,15856,15486,15018,14590,15123,15250,14946,15417,15789,16473,16598,16961,17034,16649,16876,17289,17895,17505,17153,16856,16472,16580,16510,17059,17028,17004,17634,17936,18120,17391,17203,16013,15060,14568,13488,12823,12097,11718,11309,11074,11252,10823,10487,10611,11011,11071
Pob_Mujeres_32_anios,12519,14077,14603,15781,14565,14939,15921,15435,14946,14509,15047,15171,14874,15352,15727,16423,16494,16951,17019,16651,16867,17259,17842,17454,17097,16799,16406,16489,16553,17154,17094,17123,17751,18011,18220,17466,17207,16030,14992,14398,13492,12871,12210,11873,11515,11321,11434,10835,10752,10786,11258
Pob_Mujeres_33_anios,11727,12479,14105,14624,15795,14606,15001,15864,15356,14868,14428,14969,15098,14808,15281,15664,16368,16482,16953,17015,16659,16845,17235,17795,17409,17046,16742,16341,16566,16627,17246,17183,17273,17848,18082,18243,17457,17184,15973,14853,14424,13568,12964,12385,12069,11800,11434,11394,11113,11024,11079
Pob_Mujeres_34_anios,13465,11745,12433,14138,14644,15808,14646,14944,15777,15279,14790,14352,14885,15018,14739,15210,15594,16351,16486,16957,17001,16656,16831,17217,17754,17354,16991,16699,16406,16617,16710,17358,17312,17440,17985,18077,18301,17424,17115,15932,14845,14470,13671,13088,12578,12392,11978,11431,11643,11363,11279
Pob_Mujeres_35_anios,10182,13433,11764,12390,14160,14662,15823,14581,14856,15688,15192,14715,14271,14808,14939,14670,15143,15582,16341,16487,16960,16982,16652,16822,17199,17706,17307,16936,16738,16435,16696,16777,17474,17442,17533,18028,18129,18310,17408,17089,15972,14904,14612,13778,13278,12850,12498,12001,11691,11840,11561
Pob_Mujeres_36_anios,10915,10169,13398,11782,12348,14192,14674,15762,14508,14775,15604,15107,14644,14193,14733,14858,14595,15135,15586,16329,16489,16960,16970,16653,16810,17183,17665,17258,16987,16789,16493,16814,16892,17555,17566,17516,18043,18097,18260,17323,17090,15979,15078,14708,13975,13491,12940,12458,12196,11878,12093
Pob_Mujeres_37_anios,12109,10894,10155,13367,11791,12302,14224,14613,15679,14429,14696,15522,15023,14565,14116,14642,14780,14583,15139,15595,16322,16492,16964,16955,16650,16802,17164,17604,17272,17070,16865,16574,16915,17015,17665,17592,17548,18081,18031,18129,17372,17121,16083,15197,14916,14220,13593,12973,12738,12433,12126
Pob_Mujeres_38_anios,14924,12118,10879,10140,13333,11805,12255,14182,14538,15589,14357,14606,15437,14935,14482,14040,14560,14758,14586,15135,15592,16308,16498,16958,16942,16655,16793,17140,17616,17285,17169,16957,16663,17072,17121,17675,17594,17504,18031,17917,18161,17400,17241,16159,15397,15095,14340,13596,13165,12938,12596
Pob_Mujeres_39_anios,13669,14900,12118,10862,10124,13298,11822,12195,14121,14464,15501,14281,14523,15355,14847,14400,13964,14548,14752,14593,15137,15585,16291,16499,16953,16922,16657,16785,17197,17645,17343,17229,17050,16775,17171,17142,17639,17624,17465,17983,17953,18232,17461,17360,16292,15638,15241,14358,13806,13364,13117
Pob_Mujeres_40_anios,13950,13658,14871,12119,10841,10104,13265,11773,12127,14053,14386,15423,14204,14434,15267,14760,14322,13941,14542,14743,14596,15135,15583,16271,16494,16952,16906,16652,16817,17257,17688,17424,17348,17120,16847,17196,17167,17631,17611,17329,17939,17966,18293,17571,17461,16456,15698,15244,14555,13970,13545
Pob_Mujeres_41_anios,14518,13969,13647,14839,12123,10820,10087,13195,11722,12061,13988,14304,15341,14120,14348,15181,14675,14293,13930,14540,14727,14591,15123,15588,16255,16495,16949,16894,16671,16844,17306,17771,17500,17421,17159,16902,17180,17199,17609,17551,17329,17986,18052,18405,17689,17654,16504,15692,15428,14707,14119
Pob_Mujeres_42_anios,14564,14510,13986,13637,14803,12126,10802,10035,13114,11666,11995,13922,14220,15250,14043,14257,15087,14646,14274,13915,14536,14711,14597,15113,15587,16236,16501,16955,16925,16694,16908,17371,17832,17551,17498,17189,16907,17216,17135,17538,17552,17361,18067,18133,18477,17844,17695,16485,15857,15537,14879
Pob_Mujeres_43_anios,13590,14548,14495,13993,13620,14775,12122,10746,9989,13038,11606,11922,13850,14140,15168,13966,14160,15060,14638,14256,13902,14532,14695,14587,15108,15586,16216,16498,16949,16972,16722,16964,17407,17890,17593,17511,17186,16912,17154,17059,17523,17537,17384,18144,18230,18639,17921,17646,16651,15960,15719
Pob_Mujeres_44_anios,14279,13594,14533,14489,13997,13597,14741,12071,10690,9936,12963,11546,11846,13784,14052,15077,13885,14117,15053,14632,14228,13889,14531,14678,14588,15100,15581,16204,16539,16994,16990,16769,17062,17461,17960,17634,17497,17206,16835,17106,17056,17532,17612,17475,18242,18386,18692,17883,17753,16766,16106
Pob_Mujeres_45_anios,12650,14232,13605,14517,14481,14009,13583,14659,12007,10623,9882,12886,11481,11774,13713,13964,14984,13859,14100,15040,14622,14201,13879,14535,14651,14581,15094,15583,16205,16565,17029,17026,16850,17117,17512,17966,17611,17447,17152,16766,17094,17057,17526,17621,17542,18364,18442,18652,17957,17818,16876
Pob_Mujeres_46_anios,13549,12699,14191,13603,14500,14464,14022,13512,14574,11940,10569,9825,12804,11420,11694,13638,13883,14934,13849,14078,15027,14604,14181,13867,14533,14633,14566,15083,15613,16247,16604,17091,17091,16905,17156,17532,17994,17629,17374,17093,16804,17068,17104,17585,17674,17664,18398,18484,18793,18051,17949
Pob_Mujeres_47_anios,12586,13534,12750,14145,13603,14473,14455,13953,13431,14481,11885,10507,9774,12722,11352,11611,13560,13848,14888,13836,14052,15015,14594,14153,13855,14527,14618,14569,15086,15611,16287,16644,17117,17132,16914,17154,17494,17957,17593,17304,17073,16798,17083,17169,17658,17797,17700,18382,18541,18858,18198
Pob_Mujeres_48_anios,12524,12535,13514,12787,14091,13596,14457,14375,13868,13352,14385,11813,10446,9725,12627,11283,11533,13506,13812,14848,13826,14032,15005,14584,14123,13828,14518,14611,14600,15108,15600,16300,16664,17169,17162,16904,17144,17465,17924,17530,17272,17094,16852,17090,17230,17758,17849,17701,18518,18623,18918
Pob_Mujeres_49_anios,12226,12514,12490,13500,12823,14029,13602,14375,14275,13782,13264,14297,11747,10381,9670,12541,11213,11485,13467,13785,14803,13799,14005,14976,14556,14094,13805,14506,14614,14625,15133,15624,16301,16687,17173,17139,16858,17101,17412,17847,17506,17281,17125,16871,17128,17307,17760,17833,17807,18603,18667
Pob_Mujeres_50_anios,12016,12174,12484,12451,13468,12862,13961,13536,14288,14167,13687,13170,14188,11668,10316,9617,12458,11164,11444,13422,13741,14743,13782,13971,14948,14536,14062,13787,14516,14593,14624,15138,15630,16338,16695,17185,17133,16831,17021,17368,17813,17482,17283,17147,16896,17222,17295,17760,17919,17945,18661
Pob_Mujeres_51_anios,11493,11978,12146,12472,12401,13433,12897,13865,13453,14205,14062,13600,13085,14085,11579,10245,9564,12388,11119,11402,13371,13705,14692,13762,13935,14921,14509,14031,13799,14512,14551,14634,15136,15616,16362,16686,17156,17080,16767,16971,17313,17821,17512,17302,17184,16954,17228,17261,17826,17967,18014
Pob_Mujeres_52_anios,10814,11406,11933,12112,12443,12359,13416,12816,13763,13371,14118,13954,13506,12997,13981,11510,10173,9511,12321,11066,11360,13330,13670,14648,13743,13904,14903,14484,14025,13784,14485,14546,14611,15174,15599,16321,16621,17092,17007,16748,16925,17271,17818,17529,17337,17221,16971,17176,17335,17903,18031
Pob_Mujeres_53_anios,10486,10785,11319,11895,12060,12417,12315,13324,12713,13657,13280,14034,13836,13407,12899,13881,11441,10128,9458,12268,11017,11308,13281,13636,14602,13710,13862,14868,14447,14004,13773,14472,14538,14608,15172,15576,16303,16588,17032,16926,16698,16896,17264,17821,17530,17371,17230,16945,17249,17345,17948
Pob_Mujeres_54_anios,10417,10414,10758,11224,11849,12021,12395,12234,13223,12609,13560,13187,13941,13708,13313,12805,13775,11390,10079,9411,12209,10971,11252,13232,13597,14532,13684,13832,14816,14424,13998,13750,14455,14517,14603,15119,15531,16232,16524,16958,16865,16668,16878,17253,17838,17572,17393,17197,16988,17254,17413
Pob_Mujeres_55_anios,8580,10361,10342,10733,11145,11798,11980,12312,12153,13111,12506,13454,13093,13845,13591,13219,12707,13691,11329,10036,9360,12140,10920,11204,13173,13556,14464,13650,13796,14781,14365,13970,13737,14419,14486,14563,15081,15475,16177,16452,16897,16845,16649,16860,17264,17826,17556,17358,17264,17019,17298
Pob_Mujeres_56_anios,9064,8551,10305,10281,10694,11057,11735,11903,12220,12060,13006,12411,13343,13011,13736,13472,13124,12636,13610,11270,9974,9314,12068,10869,11144,13118,13507,14401,13607,13745,14765,14339,13928,13691,14378,14452,14520,15017,15412,16069,16404,16837,16843,16618,16855,17304,17825,17532,17398,17302,17069
Pob_Mujeres_57_anios,8560,9002,8521,10237,10212,10661,10978,11652,11820,12111,11969,12888,12297,13220,12902,13632,13349,13049,12560,13519,11220,9925,9255,11995,10811,11094,13059,13460,14333,13557,13697,14715,14307,13898,13630,14319,14389,14480,14938,15331,16015,16352,16794,16824,16590,16851,17285,17749,17539,17395,17352
Pob_Mujeres_58_anios,8348,8528,8939,8486,10173,10157,10639,10905,11551,11722,12011,11879,12759,12197,13112,12806,13526,13275,12962,12485,13417,11160,9866,9195,11921,10758,11052,12999,13396,14246,13519,13653,14659,14242,13875,13587,14284,14368,14399,14873,15291,15986,16301,16771,16795,16586,16843,17212,17769,17543,17407
Pob_Mujeres_59_anios,8461,8293,8487,8865,8458,10092,10074,10576,10832,11449,11636,11899,11776,12632,12083,12987,12706,13431,13192,12888,12401,13326,11087,9807,9138,11841,10698,10990,12932,13334,14175,13466,13605,14601,14205,13844,13499,14226,14315,14279,14827,15256,15949,16250,16735,16803,16530,16774,17239,17771,17553
Pob_Mujeres_60_anios,8622,8380,8229,8452,8774,8425,10001,9985,10512,10750,11339,11540,11787,11691,12518,11967,12858,12628,13348,13115,12808,12327,13224,11018,9750,9074,11766,10629,10916,12876,13257,14093,13402,13545,14554,14115,13774,13439,14150,14221,14182,14769,15184,15917,16238,16727,16737,16464,16742,17203,17785
Pob_Mujeres_61_anios,8316,8541,8332,8186,8424,8701,8390,9909,9904,10434,10662,11244,11432,11678,11587,12401,11853,12772,12554,13271,13032,12732,12245,13122,10954,9683,9006,11673,10573,10859,12804,13158,14013,13339,13487,14475,14044,13704,13373,14075,14172,14111,14707,15133,15868,16195,16645,16648,16432,16729,17218
Pob_Mujeres_62_anios,7960,8279,8465,8248,8139,8367,8624,8310,9816,9830,10338,10556,11136,11329,11563,11487,12268,11770,12689,12460,13173,12952,12643,12166,13019,10888,9618,8941,11610,10512,10780,12753,13078,13978,13286,13413,14375,13993,13649,13283,13994,14119,14076,14661,15071,15818,16098,16552,16587,16355,16712
Pob_Mujeres_63_anios,8023,7914,8224,8387,8178,8080,8324,8543,8241,9725,9745,10238,10452,11036,11228,11439,11376,12161,11694,12593,12366,13089,12857,12542,12078,12915,10796,9548,8872,11536,10458,10708,12668,12992,13897,13236,13324,14311,13909,13581,13219,13930,14069,14047,14613,15010,15745,15993,16506,16569,16321
Pob_Mujeres_64_anios,8260,7934,7854,8158,8318,8104,8015,8239,8459,8178,9623,9640,10145,10348,10918,11124,11308,11275,12079,11618,12496,12281,12979,12755,12454,11968,12790,10722,9492,8802,11464,10398,10637,12596,12934,13829,13184,13235,14230,13846,13481,13157,13900,14019,13968,14575,14934,15646,15891,16449,16526
Pob_Mujeres_65_anios,7514,8130,7830,7802,8086,8216,8022,7919,8145,8381,8102,9511,9540,10048,10232,10795,11006,11238,11184,11990,11546,12386,12186,12888,12639,12372,11884,12677,10642,9409,8738,11422,10330,10559,12540,12823,13723,13114,13150,14141,13794,13423,13104,13839,13957,13904,14491,14832,15570,15839,16389
Pob_Mujeres_66_anios,7278,7443,8005,7716,7739,8021,8127,7938,7830,8051,8287,8020,9393,9447,9932,10124,10664,10919,11159,11106,11906,11463,12288,12082,12765,12538,12257,11780,12554,10586,9342,8686,11348,10259,10512,12447,12742,13639,13044,13081,14048,13743,13343,13039,13778,13880,13798,14403,14773,15520,15792
Pob_Mujeres_67_anios,6995,7186,7362,7873,7614,7682,7953,8028,7847,7727,7976,8179,7935,9276,9336,9824,10014,10566,10830,11061,11030,11802,11363,12186,11974,12656,12423,12152,11682,12444,10527,9284,8626,11280,10189,10440,12379,12663,13545,12972,12982,13951,13651,13258,12973,13688,13780,13694,14293,14718,15465
Pob_Mujeres_68_anios,6946,6846,7097,7283,7729,7510,7619,7867,7934,7744,7614,7869,8062,7835,9146,9220,9702,9911,10479,10738,10969,10930,11683,11265,12082,11859,12540,12320,12052,11573,12369,10452,9198,8585,11187,10112,10362,12303,12595,13469,12909,12863,13873,13580,13185,12915,13592,13681,13632,14214,14651
Pob_Mujeres_69_anios,6745,6834,6701,6997,7196,7594,7388,7519,7771,7826,7625,7479,7762,7938,7737,9036,9097,9602,9827,10369,10654,10868,10821,11581,11151,11961,11743,12405,12206,11939,11478,12259,10393,9136,8539,11082,10057,10300,12230,12515,13367,12814,12790,13809,13484,13118,12835,13464,13597,13564,14141
Pob_Mujeres_70_anios,6176,6581,6706,6550,6887,7117,7438,7258,7402,7648,7719,7506,7344,7647,7817,7641,8891,8970,9511,9733,10250,10529,10754,10706,11450,11032,11827,11618,12270,12104,11841,11384,12158,10313,9080,8467,10987,9990,10237,12124,12447,13254,12701,12725,13723,13403,13002,12706,13358,13479,13491
Pob_Mujeres_71_anios,5879,6034,6441,6557,6386,6772,7023,7316,7139,7260,7523,7585,7388,7224,7522,7711,7534,8765,8842,9388,9604,10143,10399,10646,10574,11332,10905,11664,11486,12156,11994,11745,11290,12017,10239,8994,8371,10915,9915,10147,12027,12329,13148,12620,12622,13650,13273,12873,12588,13265,13394
Pob_Mujeres_72_anios,5443,5743,5887,6271,6429,6229,6658,6888,7176,6996,7129,7405,7420,7275,7114,7399,7566,7426,8625,8713,9281,9487,10008,10257,10498,10458,11178,10770,11537,11342,12039,11852,11631,11181,11898,10136,8889,8325,10834,9823,10040,11957,12238,13057,12526,12545,13537,13118,12775,12473,13190
Pob_Mujeres_73_anios,4760,5281,5592,5717,6099,6293,6052,6507,6742,7025,6852,6971,7253,7285,7155,6990,7253,7423,7311,8495,8602,9144,9337,9864,10111,10355,10323,11008,10640,11384,11207,11901,11724,11501,11055,11764,10029,8781,8242,10721,9719,9960,11851,12129,12960,12423,12424,13388,13015,12688,12384
Pob_Mujeres_74_anios,5846,4621,5120,5438,5563,5930,6140,5902,6341,6552,6871,6688,6809,7123,7132,6999,6837,7127,7294,7188,8321,8463,9002,9183,9689,9948,10191,10142,10839,10470,11214,11056,11745,11576,11357,10923,11602,9920,8692,8158,10617,9644,9866,11733,12015,12826,12261,12290,13239,12856,12591
Pob_Mujeres_75_anios,3706,5555,4490,4977,5298,5393,5721,5960,5745,6154,6385,6698,6499,6614,6942,6944,6832,6673,6978,7142,7065,8128,8292,8844,9005,9498,9770,10055,9992,10664,10299,11052,10896,11592,11412,11189,10803,11478,9805,8600,8071,10497,9531,9748,11585,11859,12650,12109,12144,13118,12731
Pob_Mujeres_76_anios,4216,3540,5268,4345,4807,5139,5226,5528,5770,5585,5948,6194,6523,6294,6425,6756,6747,6650,6516,6785,7000,6899,7928,8100,8657,8821,9289,9567,9880,9823,10474,10113,10887,10716,11412,11228,11028,10641,11295,9666,8485,7959,10361,9423,9625,11441,11679,12478,11904,12008,12939
Pob_Mujeres_77_anios,3282,3974,3418,5011,4198,4602,4944,5030,5311,5558,5404,5726,5972,6337,6098,6239,6572,6555,6462,6362,6609,6833,6722,7740,7886,8460,8629,9090,9375,9658,9658,10286,9945,10692,10527,11226,11040,10804,10474,11125,9505,8356,7853,10222,9296,9485,11242,11503,12259,11728,11848
Pob_Mujeres_78_anios,3502,3110,3759,3266,4736,4054,4417,4742,4856,5083,5344,5198,5518,5744,6094,5888,5993,6360,6368,6250,6208,6423,6645,6557,7522,7652,8229,8402,8835,9133,9440,9445,10064,9712,10465,10329,11029,10846,10601,10292,10895,9335,8215,7719,10059,9163,9315,11051,11300,12077,11562
Pob_Mujeres_79_anios,3204,3273,2920,3525,3140,4473,3917,4219,4529,4636,4853,5093,4975,5292,5503,5877,5648,5766,6113,6172,6048,5978,6204,6421,6344,7284,7401,8013,8178,8624,8897,9179,9211,9815,9505,10217,10109,10785,10596,10413,10084,10696,9160,8043,7568,9875,8969,9107,10827,11066,11889
Pob_Mujeres_80_anios,2720,2955,3062,2749,3299,2988,4200,3719,3981,4279,4417,4615,4808,4763,5029,5279,5589,5389,5523,5863,5945,5830,5761,6007,6173,6079,7001,7159,7762,7948,8376,8649,8916,8961,9562,9263,9948,9877,10519,10317,10194,9825,10465,8939,7872,7416,9598,8777,8879,10601,10841
Pob_Mujeres_81_anios,2304,2511,2685,2832,2568,3079,2825,3911,3486,3761,4010,4157,4326,4554,4512,4763,4996,5318,5104,5242,5618,5677,5573,5524,5751,5894,5825,6697,6937,7451,7679,8054,8352,8595,8684,9251,8980,9658,9616,10249,10028,9924,9544,10190,8720,7678,7204,9305,8530,8664,10342
Pob_Mujeres_82_anios,1991,2111,2305,2456,2591,2392,2837,2616,3615,3237,3521,3742,3884,4053,4232,4278,4471,4732,5026,4852,4950,5337,5384,5286,5230,5446,5607,5556,6433,6644,7122,7394,7765,8034,8268,8345,8919,8672,9314,9292,9948,9696,9638,9234,9900,8463,7441,6965,8977,8269,8388
Pob_Mujeres_83_anios,1621,1808,1896,2095,2264,2382,2230,2585,2411,3320,3006,3263,3484,3622,3750,3941,4005,4193,4456,4720,4568,4693,5034,5097,4982,4971,5154,5304,5292,6111,6314,6750,7079,7425,7681,7936,8014,8537,8347,8961,8954,9565,9369,9327,8904,9546,8139,7187,6698,8685,8015
Pob_Mujeres_84_anios,1770,1433,1612,1685,1894,2031,2158,2002,2362,2178,3015,2754,3008,3212,3352,3456,3617,3712,3888,4151,4426,4221,4389,4743,4766,4672,4677,4835,5021,4968,5743,5959,6378,6722,7051,7299,7591,7608,8158,7995,8565,8544,9148,8950,8945,8544,9151,7782,6898,6464,8381
Pob_Mujeres_85_y_mas_anios,5915,6419,6515,6792,7203,7716,8290,8829,9279,9932,10385,11356,12120,13145,14249,15322,16312,17252,18214,19205,20386,21576,22301,23239,24372,25359,26418,27313,28122,28707,29398,30772,32556,34356,36328,38566,40815,43237,45105,47884,50049,52061,54180,56523,58428,60301,60870,62463,61990,61322,60178
Pob_Ext_Total,,,,,,,,,,,,,,,,,,,,,,,,,,,,51809,66348,81063,96699,112835,130561,150628,166043,171253,173917,173888,168672,163371,165507,171530,180259,192518,209248,231235,243466,249304,274142,295902,320744
Pob_Ext_Total_0a4anios,,,,,,,,,,,,,,,,,,,,,,,,,,,,1742,2112,2397,2481,2559,2707,2880,2710,2328,2033,1812,1518,1383,1320,1304,1484,1827,2216,2664,2443,2161,2759,2794,2966
Pob_Ext_Total_5a9anios,,,,,,,,,,,,,,,,,,,,,,,,,,,,2168,2999,3765,4541,5458,6282,6761,6875,6631,6191,5782,5146,4446,3929,3570,3326,3622,4121,5091,5471,6019,7415,8185,8566
Pob_Ext_Total_10a14anios,,,,,,,,,,,,,,,,,,,,,,,,,,,,2269,3016,3790,4501,5444,6467,7609,8387,8949,9186,9205,8799,8374,8042,7773,7615,7442,7204,7297,7090,6920,8474,9629,11218
Pob_Ext_Total_15a19anios,,,,,,,,,,,,,,,,,,,,,,,,,,,,2720,3883,5006,6110,7095,8207,9370,10109,10280,10455,10488,10608,10488,10956,11442,11917,12521,13375,13881,13309,12893,13769,14403,15285
Pob_Ext_Total_20a24anios,,,,,,,,,,,,,,,,,,,,,,,,,,,,4674,6649,8491,10302,11996,14062,16295,17471,16969,16018,14866,13420,12347,12302,13016,14245,15952,17961,20664,21296,21230,23424,25137,26884
Pob_Ext_Total_25a29anios,,,,,,,,,,,,,,,,,,,,,,,,,,,,6752,9186,11687,14260,16971,19759,22912,25073,25010,24072,22822,20671,18768,17955,17767,18127,19267,21460,24535,26053,26527,29454,32109,35209
Pob_Ext_Total_30a34anios,,,,,,,,,,,,,,,,,,,,,,,,,,,,7579,9574,11771,14310,16636,19328,22740,25495,26441,27299,26866,25345,23532,22983,22843,23220,24000,25643,28187,29400,29331,31897,34390,37693
Pob_Ext_Total_35a39anios,,,,,,,,,,,,,,,,,,,,,,,,,,,,6871,8582,10178,12018,14088,16329,18873,21239,22285,23038,23559,23392,23071,23420,24639,25697,26978,28627,30727,31620,31596,33413,35417,37691
Pob_Ext_Total_40a44anios,,,,,,,,,,,,,,,,,,,,,,,,,,,,4892,6107,7416,9096,10776,12597,14575,16574,17661,18527,19211,19067,19025,19836,20813,22195,23773,26022,28496,30808,31562,33801,35457,37478
Pob_Ext_Total_45a49anios,,,,,,,,,,,,,,,,,,,,,,,,,,,,3523,4396,5380,6286,7411,8631,10200,11523,12569,13341,14065,14525,14713,15587,16706,17906,19102,20515,22838,24453,25594,27898,30192,32399
Pob_Ext_Total_50a54anios,,,,,,,,,,,,,,,,,,,,,,,,,,,,2331,2931,3509,4268,5016,5879,6918,7950,8401,9002,9449,9720,10095,10862,11813,12897,14193,15689,17229,18801,19872,21585,23220,25365
Pob_Ext_Total_55a59anios,,,,,,,,,,,,,,,,,,,,,,,,,,,,1489,1725,2104,2513,2976,3470,4134,4664,5291,5800,6217,6507,6760,7080,7696,8393,9293,10325,11731,13081,14158,15885,17365,18926
Pob_Ext_Total_60a64anios,,,,,,,,,,,,,,,,,,,,,,,,,,,,1364,1411,1537,1656,1816,2031,2276,2635,2901,3223,3563,3857,3995,4491,4906,5436,6070,6831,7480,8237,8930,10139,11406,12865
Pob_Ext_Total_65a69anios,,,,,,,,,,,,,,,,,,,,,,,,,,,,847,1075,1218,1420,1580,1692,1668,1742,1776,1866,2000,2101,2263,2513,2804,3112,3496,3951,4635,5110,5641,6414,7358,8098
Pob_Ext_Total_70a74anios,,,,,,,,,,,,,,,,,,,,,,,,,,,,940,948,952,979,950,983,1206,1350,1463,1580,1643,1517,1529,1524,1618,1749,1955,2187,2480,2782,3131,3636,4145,4882
Pob_Ext_Total_75a79anios,,,,,,,,,,,,,,,,,,,,,,,,,,,,735,786,848,893,911,938,962,931,952,880,870,1016,1099,1216,1333,1388,1346,1389,1428,1541,1684,1964,2279,2594
Pob_Ext_Total_80a84anios,,,,,,,,,,,,,,,,,,,,,,,,,,,,457,485,502,526,603,644,673,713,762,765,802,790,752,730,681,669,822,885,1010,1100,1150,1183,1278,1366
Pob_Ext_Total_85a89anios,,,,,,,,,,,,,,,,,,,,,,,,,,,,318,305,319,312,323,338,345,361,352,419,445,454,488,527,541,592,548,514,506,491,503,634,742,831
Pob_Ext_Total_90ymasanios,,,,,,,,,,,,,,,,,,,,,,,,,,,,136,177,195,228,225,218,229,242,235,222,223,219,243,234,265,291,311,333,356,380,402,398,396,428
Pob_Ext_Hombres,,,,,,,,,,,,,,,,,,,,,,,,,,,,25052,33216,41240,49571,57843,66709,77546,85656,87385,87412,85791,81514,77746,78340,80897,84768,90466,98848,109656,116090,118966,130585,141473,154623
Pob_Ext_Hombres_0a4anios,,,,,,,,,,,,,,,,,,,,,,,,,,,,835,1019,1174,1173,1173,1187,1268,1220,1115,995,920,799,738,723,706,766,923,1124,1328,1252,1108,1445,1445,1554
Pob_Ext_Hombres_5a9anios,,,,,,,,,,,,,,,,,,,,,,,,,,,,1100,1547,1902,2292,2708,3138,3374,3388,3225,2962,2747,2452,2145,1939,1827,1739,1902,2158,2681,2836,3119,3782,4153,4363
Pob_Ext_Hombres_10a14anios,,,,,,,,,,,,,,,,,,,,,,,,,,,,1165,1579,2017,2427,2911,3377,3932,4298,4602,4656,4721,4553,4306,4042,3820,3728,3658,3583,3718,3648,3565,4361,4955,5776
Pob_Ext_Hombres_15a19anios,,,,,,,,,,,,,,,,,,,,,,,,,,,,1450,2122,2730,3330,3905,4540,5267,5783,5940,5913,5690,5643,5623,5877,6088,6333,6683,7310,7594,7197,6901,7247,7718,8402
Pob_Ext_Hombres_20a24anios,,,,,,,,,,,,,,,,,,,,,,,,,,,,2285,3414,4414,5333,6140,7161,8331,8855,8529,7985,7409,6535,5978,6023,6398,7049,7953,9034,10444,10904,11162,12424,13310,14388
Pob_Ext_Hombres_25a29anios,,,,,,,,,,,,,,,,,,,,,,,,,,,,3348,4778,6223,7607,9018,10352,11977,13108,12777,11888,10987,9582,8421,8121,8088,8292,9013,10159,11872,12745,13137,14711,16361,18163
Pob_Ext_Hombres_30a34anios,,,,,,,,,,,,,,,,,,,,,,,,,,,,3765,5000,6245,7702,8966,10493,12512,13932,14094,14246,13490,12266,11061,10560,10309,10513,10828,11706,13081,13817,13875,15267,16619,18743
Pob_Ext_Hombres_35a39anios,,,,,,,,,,,,,,,,,,,,,,,,,,,,3361,4387,5384,6412,7504,8639,10125,11352,11817,12109,12182,11787,11327,11232,11734,12009,12501,13320,14252,14776,14767,15595,16611,17993
Pob_Ext_Hombres_40a44anios,,,,,,,,,,,,,,,,,,,,,,,,,,,,2389,3006,3696,4615,5537,6460,7603,8816,9266,9624,9757,9450,9270,9702,10209,10856,11457,12428,13552,14731,14966,15851,16650,17533
Pob_Ext_Hombres_45a49anios,,,,,,,,,,,,,,,,,,,,,,,,,,,,1728,2204,2648,3164,3724,4303,5029,5707,6140,6486,6757,6995,7092,7507,8044,8601,9153,9788,10875,11700,12144,13135,14138,15255
Pob_Ext_Hombres_50a54anios,,,,,,,,,,,,,,,,,,,,,,,,,,,,1086,1367,1675,2053,2418,2853,3403,3878,4085,4305,4448,4428,4497,4861,5330,5843,6522,7312,8048,8787,9266,9939,10647,11602
Pob_Ext_Hombres_55a59anios,,,,,,,,,,,,,,,,,,,,,,,,,,,,658,754,943,1088,1329,1532,1853,2161,2442,2680,2840,2972,3084,3160,3372,3651,3980,4406,5002,5739,6253,7026,7709,8425
Pob_Ext_Hombres_60a64anios,,,,,,,,,,,,,,,,,,,,,,,,,,,,605,638,681,736,782,857,944,1129,1212,1359,1529,1662,1709,1971,2149,2360,2605,2941,3183,3510,3828,4266,4792,5334
Pob_Ext_Hombres_65a69anios,,,,,,,,,,,,,,,,,,,,,,,,,,,,359,450,507,585,658,724,726,739,765,788,829,873,949,1026,1159,1259,1434,1613,1893,2102,2332,2614,3047,3305
Pob_Ext_Hombres_70a74anios,,,,,,,,,,,,,,,,,,,,,,,,,,,,393,380,385,399,381,394,468,540,585,645,697,660,635,624,648,696,768,858,956,1085,1204,1413,1627,1920
Pob_Ext_Hombres_75a79anios,,,,,,,,,,,,,,,,,,,,,,,,,,,,273,304,331,352,358,346,361,362,371,340,338,403,438,477,530,563,530,535,553,585,643,746,858,968
Pob_Ext_Hombres_80a84anios,,,,,,,,,,,,,,,,,,,,,,,,,,,,147,152,160,173,196,214,227,239,279,274,284,277,275,264,250,248,310,327,374,417,436,444,474,486
Pob_Ext_Hombres_85a89anios,,,,,,,,,,,,,,,,,,,,,,,,,,,,73,72,80,85,93,100,96,98,93,111,125,132,150,177,178,191,173,166,163,161,164,217,264,300
Pob_Ext_Hombres_90ymasanios,,,,,,,,,,,,,,,,,,,,,,,,,,,,31,41,44,44,43,41,49,51,48,45,42,45,48,54,58,71,73,80,87,98,96,102,95,113
Pob_Ext_Mujeres,,,,,,,,,,,,,,,,,,,,,,,,,,,,26757,33132,39823,47128,54992,63852,73082,80388,83868,86504,88097,87158,85625,87167,90633,95491,102052,110400,121579,127376,130338,143557,154429,166121
Pob_Ext_Mujeres_0a4anios,,,,,,,,,,,,,,,,,,,,,,,,,,,,907,1093,1223,1308,1386,1520,1611,1490,1214,1037,893,719,645,597,598,718,904,1092,1336,1191,1053,1314,1349,1412
Pob_Ext_Mujeres_5a9anios,,,,,,,,,,,,,,,,,,,,,,,,,,,,1068,1452,1863,2249,2750,3144,3388,3487,3406,3229,3035,2694,2301,1990,1743,1587,1720,1963,2410,2635,2900,3633,4032,4203
Pob_Ext_Mujeres_10a14anios,,,,,,,,,,,,,,,,,,,,,,,,,,,,1104,1437,1774,2074,2534,3090,3677,4088,4346,4530,4484,4246,4068,4000,3953,3887,3784,3621,3579,3442,3355,4113,4674,5442
Pob_Ext_Mujeres_15a19anios,,,,,,,,,,,,,,,,,,,,,,,,,,,,1270,1761,2276,2780,3190,3666,4103,4327,4340,4542,4798,4965,4865,5079,5354,5584,5838,6065,6287,6112,5992,6522,6685,6883
Pob_Ext_Mujeres_20a24anios,,,,,,,,,,,,,,,,,,,,,,,,,,,,2389,3235,4078,4969,5855,6901,7964,8616,8440,8033,7457,6885,6369,6279,6618,7196,7999,8927,10220,10392,10068,11000,11827,12496
Pob_Ext_Mujeres_25a29anios,,,,,,,,,,,,,,,,,,,,,,,,,,,,3404,4408,5464,6653,7953,9408,10935,11965,12232,12184,11835,11089,10347,9834,9679,9835,10254,11301,12663,13308,13390,14743,15748,17046
Pob_Ext_Mujeres_30a34anios,,,,,,,,,,,,,,,,,,,,,,,,,,,,3814,4574,5526,6608,7670,8835,10228,11563,12346,13053,13376,13079,12471,12423,12534,12707,13172,13937,15106,15583,15456,16630,17771,18950
Pob_Ext_Mujeres_35a39anios,,,,,,,,,,,,,,,,,,,,,,,,,,,,3510,4195,4794,5606,6585,7690,8747,9887,10468,10929,11377,11605,11744,12188,12905,13688,14477,15307,16475,16844,16829,17818,18806,19698
Pob_Ext_Mujeres_40a44anios,,,,,,,,,,,,,,,,,,,,,,,,,,,,2503,3101,3719,4481,5239,6137,6972,7758,8395,8904,9453,9617,9755,10134,10604,11339,12316,13594,14944,16077,16596,17950,18807,19945
Pob_Ext_Mujeres_45a49anios,,,,,,,,,,,,,,,,,,,,,,,,,,,,1795,2192,2732,3122,3687,4328,5171,5816,6429,6855,7308,7530,7621,8080,8662,9305,9949,10727,11963,12753,13450,14763,16054,17144
Pob_Ext_Mujeres_50a54anios,,,,,,,,,,,,,,,,,,,,,,,,,,,,1245,1564,1834,2216,2598,3025,3515,4072,4316,4697,5001,5292,5598,6001,6483,7054,7671,8377,9181,10014,10606,11646,12573,13763
Pob_Ext_Mujeres_55a59anios,,,,,,,,,,,,,,,,,,,,,,,,,,,,831,971,1161,1425,1647,1938,2280,2503,2849,3119,3378,3535,3676,3920,4324,4742,5313,5919,6729,7342,7905,8859,9656,10501
Pob_Ext_Mujeres_60a64anios,,,,,,,,,,,,,,,,,,,,,,,,,,,,760,773,855,920,1035,1174,1332,1506,1689,1864,2034,2195,2286,2520,2757,3076,3465,3890,4297,4727,5102,5873,6614,7531
Pob_Ext_Mujeres_65a69anios,,,,,,,,,,,,,,,,,,,,,,,,,,,,488,625,711,835,922,968,943,1004,1011,1078,1172,1228,1314,1487,1645,1853,2062,2338,2742,3008,3309,3800,4311,4793
Pob_Ext_Mujeres_70a74anios,,,,,,,,,,,,,,,,,,,,,,,,,,,,547,568,566,580,569,588,738,810,878,935,946,857,894,900,970,1053,1187,1329,1524,1697,1927,2223,2518,2962
Pob_Ext_Mujeres_75a79anios,,,,,,,,,,,,,,,,,,,,,,,,,,,,462,482,516,541,553,592,601,569,580,539,532,613,661,739,803,825,816,854,875,956,1041,1218,1421,1626
Pob_Ext_Mujeres_80a84anios,,,,,,,,,,,,,,,,,,,,,,,,,,,,309,332,342,353,407,430,446,475,483,491,518,513,477,466,431,421,512,558,636,683,714,739,804,880
Pob_Ext_Mujeres_85a89anios,,,,,,,,,,,,,,,,,,,,,,,,,,,,244,233,239,226,229,239,249,263,259,307,320,322,338,350,363,401,375,348,343,330,339,417,478,531
Pob_Ext_Mujeres_90ymasanios,,,,,,,,,,,,,,,,,,,,,,,,,,,,105,135,151,183,182,177,180,191,187,178,181,174,195,180,207,220,238,253,269,282,306,296,301,315
